user_id,content_id,watch_date,watch_time,content_type,watch_duration_min,content_duration,season_number,episode_number,audio_language_used,subtitle_language_used,binge_watch,rewatch_count,completion_status,src_date
U0034,C0719,01-11-2020,23:36,Movie,74,75,,,No,Yes,No,4,Yes,10-05-2025
U0173,C0870,10-08-2023,23:48,Anime,115,205,,,No,Yes,No,2,Yes,29-01-2025
U0077,C0530,10-09-2020,23:41,Movie,130,156,,,No,No,No,4,Yes,30-06-2025
U0181,C0207,18-07-2020,15:43,Movie,55,66,,,Yes,Yes,No,0,No,24-04-2025
U0107,C0530,28-07-2020,20:54,Movie,93,156,,,No,Yes,No,5,Yes,19-06-2025
U0236,C0744,06-04-2024,22:36,Game,69,129,,,No,Yes,No,3,Yes,11-03-2025
U0281,C0956,10-04-2020,22:48,Anime,211,295,,,Yes,No,No,3,Yes,14-03-2025
U0015,C0754,03-12-2020,18:12,Movie,67,124,,,No,No,No,4,Yes,14-06-2025
U0241,C0613,08-04-2022,22:02,Game,99,157,,,No,No,No,1,Yes,06-01-2025
U0281,C0897,14-10-2018,19:50,Series,37,54,1,4,Yes,Yes,Yes,5,Yes,16-03-2025
U0298,C0376,17-11-2023,12:41,Game,96,123,,,Yes,No,No,5,Yes,19-06-2025
U0135,C0975,05-07-2022,18:10,Movie,33,67,,,Yes,Yes,No,3,Yes,09-02-2025
U0128,C0774,19-03-2022,06:26,Anime,18,32,,,Yes,No,No,2,Yes,15-04-2025
U0271,C0777,05-12-2023,21:18,Series,138,260,3,3,Yes,Yes,No,4,Yes,09-01-2025
U0128,C0608,17-07-2020,18:33,Movie,91,154,,,No,No,No,1,Yes,18-06-2025
U0255,C0112,25-02-2020,22:46,Movie,80,127,,,No,No,No,4,Yes,17-02-2025
U0183,C0908,16-09-2018,11:00,Anime,45,51,,,No,Yes,No,2,Yes,16-03-2025
U0039,C0469,23-05-2018,16:10,Anime,91,171,,,No,No,No,4,Yes,07-01-2025
U0164,C0906,20-05-2018,21:26,Series,68,90,1,1,Yes,No,No,4,Yes,13-06-2025
U0189,C0094,17-02-2020,14:23,Game,70,137,,,Yes,No,No,1,Yes,02-03-2025
U0066,C0259,16-07-2023,18:08,Anime,115,180,,,No,No,No,3,Yes,30-06-2025
U0287,C0684,05-10-2024,08:06,Movie,127,135,,,Yes,Yes,No,4,Yes,16-01-2025
U0036,C0220,20-06-2020,10:59,Series,100,171,2,9,No,Yes,Yes,4,Yes,23-01-2025
U0185,C0398,25-07-2019,13:31,Movie,159,174,,,Yes,Yes,No,3,Yes,23-01-2025
U0223,C0960,09-09-2020,23:14,Movie,76,136,,,No,No,No,4,Yes,01-05-2025
U0262,C0909,27-12-2020,18:19,Game,45,87,,,No,No,No,3,Yes,20-04-2025
U0285,C0614,02-07-2020,09:31,Movie,108,116,,,No,Yes,No,2,Yes,31-01-2025
U0173,C0261,01-12-2019,00:50,Movie,147,149,,,No,No,No,3,Yes,06-01-2025
U0212,C0127,03-10-2020,18:47,Series,114,150,1,4,No,Yes,Yes,1,Yes,21-01-2025
U0189,C0753,25-09-2020,10:50,Game,45,77,,,Yes,Yes,No,1,Yes,15-06-2025
U0044,C0049,01-01-2020,08:11,Game,75,95,,,Yes,Yes,No,3,Yes,06-06-2025
U0190,C0242,17-05-2022,18:14,Series,99,102,2,5,Yes,No,Yes,5,Yes,12-05-2025
U0147,C0680,11-06-2020,12:13,Game,63,79,,,No,No,No,4,Yes,10-04-2025
U0094,C0636,15-02-2020,17:55,Movie,53,101,,,Yes,Yes,No,2,Yes,02-01-2025
U0071,C0206,09-01-2024,12:57,Series,107,120,1,10,Yes,No,Yes,1,Yes,30-01-2025
U0058,C0112,02-11-2020,08:53,Movie,73,127,,,Yes,No,No,5,Yes,15-04-2025
U0125,C0481,14-06-2020,18:20,Movie,135,144,,,No,No,No,2,Yes,15-05-2025
U0175,C0987,27-02-2020,16:36,Series,31,40,1,1,Yes,Yes,No,3,Yes,21-06-2025
U0250,C0351,09-09-2021,13:36,Movie,93,175,,,No,No,No,5,Yes,14-05-2025
U0281,C0650,14-02-2020,21:37,Anime,117,168,,,No,Yes,No,4,Yes,21-05-2025
U0035,C0355,27-12-2022,07:39,Game,97,143,,,No,Yes,No,2,Yes,04-04-2025
U0217,C0476,01-02-2020,20:19,Movie,87,106,,,No,Yes,No,1,Yes,13-02-2025
U0257,C0504,19-08-2020,17:28,Series,121,156,1,7,Yes,Yes,Yes,1,Yes,29-03-2025
U0027,C0550,17-02-2022,19:17,Movie,58,68,,,No,No,No,4,Yes,10-01-2025
U0284,C0665,25-09-2020,04:23,Anime,44,76,,,No,No,No,1,Yes,19-02-2025
U0145,C0628,17-05-2019,23:36,Movie,64,71,,,Yes,No,No,4,Yes,08-02-2025
U0076,C0791,09-02-2020,23:31,Game,58,80,,,Yes,No,No,1,Yes,18-04-2025
U0079,C0208,16-03-2020,10:24,Movie,72,124,,,Yes,No,No,2,Yes,23-06-2025
U0077,C0954,25-07-2020,21:12,Series,103,176,3,8,Yes,No,Yes,2,Yes,03-03-2025
U0021,C0696,14-10-2021,22:06,Series,102,120,1,8,Yes,Yes,Yes,2,Yes,10-06-2025
U0294,C0560,27-10-2020,20:32,Series,28,42,1,3,No,Yes,No,4,Yes,20-02-2025
U0216,C0463,11-07-2024,01:24,Movie,89,96,,,No,Yes,No,1,Yes,17-06-2025
U0224,C0504,27-06-2020,22:59,Series,153,156,2,1,Yes,No,No,3,Yes,23-01-2025
U0280,C0823,12-04-2020,20:59,Movie,131,176,,,No,Yes,No,0,No,27-01-2025
U0283,C0149,13-02-2024,18:05,Movie,101,107,,,No,Yes,No,0,No,30-04-2025
U0023,C0689,18-06-2020,22:16,Game,105,108,,,Yes,Yes,No,3,Yes,15-06-2025
U0102,C0412,02-10-2022,04:19,Series,31,41,1,5,Yes,No,Yes,4,Yes,28-04-2025
U0191,C0349,15-11-2020,10:45,Series,20,30,1,5,No,Yes,Yes,2,Yes,15-05-2025
U0230,C0896,27-01-2020,13:56,Series,84,140,2,2,Yes,Yes,No,4,Yes,15-05-2025
U0087,C0637,26-05-2020,22:31,Anime,105,110,,,No,Yes,No,1,Yes,21-02-2025
U0087,C0880,18-07-2020,12:56,Game,93,157,,,Yes,Yes,No,1,Yes,13-05-2025
U0272,C0165,10-04-2020,23:06,Anime,152,160,,,Yes,Yes,No,4,Yes,23-02-2025
U0028,C0909,03-07-2020,23:46,Game,47,87,,,No,No,No,1,Yes,06-04-2025
U0261,C0658,18-05-2020,23:02,Anime,194,228,,,No,Yes,No,0,No,16-05-2025
U0225,C0631,11-11-2019,19:02,Anime,114,138,,,No,Yes,No,3,Yes,09-06-2025
U0287,C0250,27-03-2022,16:42,Game,54,103,,,No,No,No,3,Yes,01-06-2025
U0293,C0375,09-05-2023,21:43,Anime,59,86,,,Yes,Yes,No,3,Yes,11-06-2025
U0117,C0933,02-05-2020,23:57,Game,123,125,,,Yes,No,No,4,Yes,24-01-2025
U0231,C0096,01-02-2020,11:51,Series,202,240,3,4,Yes,No,Yes,1,Yes,14-02-2025
U0138,C0078,15-06-2020,22:10,Game,51,65,,,Yes,Yes,No,3,Yes,24-04-2025
U0172,C0791,27-01-2020,16:47,Game,58,80,,,No,No,No,4,Yes,28-02-2025
U0030,C0388,21-01-2022,15:00,Game,133,155,,,No,No,No,2,Yes,04-02-2025
U0158,C0981,05-03-2020,20:16,Game,48,65,,,Yes,Yes,No,0,No,09-05-2025
U0153,C0478,09-04-2022,22:51,Movie,99,136,,,No,Yes,No,3,Yes,24-05-2025
U0152,C0695,01-06-2019,18:04,Game,85,100,,,No,No,No,3,Yes,16-06-2025
U0008,C0592,19-03-2020,16:13,Movie,59,85,,,No,Yes,No,0,No,22-01-2025
U0057,C0666,08-11-2020,23:11,Anime,48,53,,,No,No,No,2,Yes,07-03-2025
U0043,C0332,23-12-2020,20:37,Series,130,165,2,9,No,Yes,Yes,1,Yes,25-04-2025
U0032,C0479,27-04-2020,03:47,Anime,90,126,,,Yes,No,No,5,Yes,29-03-2025
U0025,C0645,19-11-2020,22:39,Movie,104,108,,,Yes,Yes,No,3,Yes,12-06-2025
U0140,C0620,01-09-2019,19:23,Series,35,39,1,1,Yes,No,No,1,Yes,30-03-2025
U0104,C0896,22-06-2022,19:54,Series,95,140,3,10,No,Yes,Yes,5,Yes,09-01-2025
U0283,C0683,27-05-2020,18:10,Movie,108,142,,,No,No,No,1,Yes,03-04-2025
U0078,C0763,01-03-2020,19:43,Game,98,157,,,No,Yes,No,2,Yes,05-02-2025
U0181,C0588,28-12-2020,23:08,Game,87,114,,,Yes,Yes,No,2,Yes,07-04-2025
U0148,C0110,06-05-2020,13:29,Movie,61,89,,,Yes,No,No,3,Yes,31-01-2025
U0221,C0359,23-01-2024,19:38,Series,216,235,1,9,Yes,Yes,Yes,2,Yes,08-01-2025
U0033,C0006,21-09-2020,21:29,Game,97,171,,,Yes,Yes,No,5,Yes,10-02-2025
U0158,C0957,28-02-2020,21:07,Movie,57,105,,,Yes,Yes,No,5,Yes,15-01-2025
U0063,C0897,26-05-2020,20:18,Series,39,54,1,10,No,Yes,Yes,4,Yes,15-04-2025
U0029,C0853,20-12-2020,21:11,Series,191,240,2,6,No,Yes,Yes,0,No,10-01-2025
U0232,C0008,23-08-2020,12:20,Movie,99,143,,,No,No,No,5,Yes,19-02-2025
U0121,C0363,06-05-2023,16:53,Anime,88,171,,,No,Yes,No,5,Yes,22-01-2025
U0073,C0324,11-05-2020,16:26,Series,86,152,3,3,Yes,Yes,No,5,Yes,08-02-2025
U0122,C0212,12-07-2020,21:53,Game,90,180,,,No,No,No,1,Yes,28-05-2025
U0086,C0333,07-03-2020,11:07,Movie,87,157,,,Yes,No,No,1,Yes,26-01-2025
U0280,C0633,07-08-2020,03:57,Game,34,62,,,Yes,No,No,3,Yes,26-02-2025
U0264,C0932,05-08-2020,18:43,Movie,95,142,,,No,No,No,0,No,11-06-2025
U0220,C0448,07-06-2022,09:31,Game,55,89,,,Yes,No,No,1,Yes,20-02-2025
U0172,C0332,13-05-2020,20:34,Series,145,165,1,5,No,Yes,Yes,5,Yes,01-01-2025
U0049,C0649,21-02-2020,16:07,Movie,164,168,,,No,No,No,2,Yes,10-02-2025
U0168,C0492,01-08-2019,23:40,Game,105,131,,,Yes,No,No,0,No,03-04-2025
U0252,C0358,08-09-2020,22:52,Game,108,142,,,Yes,No,No,2,Yes,22-04-2025
U0181,C0952,20-03-2020,22:07,Movie,91,128,,,Yes,Yes,No,4,Yes,09-06-2025
U0248,C0980,15-07-2020,04:52,Movie,103,133,,,Yes,No,No,3,Yes,02-05-2025
U0111,C0056,21-04-2020,21:53,Game,157,173,,,No,Yes,No,5,Yes,02-01-2025
U0141,C0291,23-09-2020,18:16,Game,57,85,,,Yes,Yes,No,2,Yes,15-04-2025
U0300,C0509,15-04-2020,23:34,Movie,41,81,,,Yes,No,No,0,No,23-05-2025
U0171,C0615,11-03-2020,23:49,Anime,116,180,,,No,No,No,5,Yes,24-03-2025
U0057,C0732,13-09-2021,23:25,Game,52,81,,,Yes,Yes,No,3,Yes,10-04-2025
U0279,C0946,23-05-2020,19:52,Movie,49,66,,,Yes,Yes,No,0,No,02-01-2025
U0084,C0849,13-10-2020,21:26,Movie,95,153,,,Yes,No,No,4,Yes,29-06-2025
U0227,C0581,20-02-2022,19:22,Movie,45,70,,,No,No,No,4,Yes,02-04-2025
U0155,C0579,01-06-2020,16:55,Anime,152,174,,,No,Yes,No,2,Yes,08-02-2025
U0036,C0815,23-06-2020,02:20,Game,126,139,,,Yes,Yes,No,0,No,06-05-2025
U0073,C0929,15-01-2020,20:57,Series,174,270,2,6,Yes,Yes,Yes,1,Yes,11-02-2025
U0134,C0994,19-09-2020,17:07,Series,31,37,1,8,No,Yes,Yes,5,Yes,30-05-2025
U0153,C0085,02-12-2020,23:52,Anime,32,64,,,No,No,No,4,Yes,08-02-2025
U0122,C0820,24-11-2020,06:49,Movie,109,157,,,Yes,Yes,No,1,Yes,10-04-2025
U0071,C0370,02-06-2020,21:49,Anime,235,236,,,Yes,No,No,3,Yes,11-05-2025
U0083,C0610,20-09-2020,19:26,Movie,50,90,,,No,Yes,No,2,Yes,26-01-2025
U0256,C0859,01-08-2018,20:42,Movie,42,75,,,No,Yes,No,1,Yes,03-06-2025
U0027,C0810,18-08-2024,22:36,Game,82,92,,,No,Yes,No,0,No,07-04-2025
U0263,C0022,18-03-2020,22:18,Movie,68,108,,,Yes,Yes,No,0,No,14-04-2025
U0121,C0006,08-11-2020,11:40,Game,121,171,,,Yes,Yes,No,0,No,18-05-2025
U0187,C0116,05-03-2020,02:02,Game,104,105,,,Yes,Yes,No,2,Yes,24-01-2025
U0260,C0857,09-02-2022,22:31,Game,105,177,,,Yes,Yes,No,5,Yes,20-05-2025
U0059,C0191,18-11-2020,21:03,Movie,134,172,,,Yes,No,No,4,Yes,16-01-2025
U0221,C0731,18-03-2024,15:29,Anime,116,126,,,No,No,No,1,Yes,14-04-2025
U0055,C0789,08-08-2024,12:31,Anime,22,44,,,Yes,No,No,4,Yes,14-06-2025
U0225,C0932,20-11-2020,15:31,Movie,109,142,,,No,Yes,No,4,Yes,11-06-2025
U0206,C0376,24-01-2020,21:16,Game,97,123,,,No,No,No,0,No,19-03-2025
U0175,C0861,11-10-2020,21:22,Movie,125,158,,,Yes,No,No,1,Yes,26-06-2025
U0147,C0114,05-09-2020,19:59,Series,160,295,5,10,Yes,No,Yes,2,Yes,04-05-2025
U0028,C0103,20-08-2019,22:09,Anime,45,47,,,Yes,No,No,3,Yes,11-06-2025
U0008,C0907,13-03-2023,14:51,Movie,119,153,,,Yes,Yes,No,2,Yes,09-02-2025
U0207,C0887,27-06-2020,09:40,Movie,91,95,,,No,No,No,2,Yes,30-04-2025
U0005,C0959,09-05-2020,23:30,Game,62,65,,,Yes,No,No,5,Yes,26-02-2025
U0046,C0171,06-04-2020,20:02,Movie,134,144,,,No,Yes,No,3,Yes,01-06-2025
U0111,C0572,20-02-2023,23:06,Anime,115,150,,,Yes,Yes,No,1,Yes,19-04-2025
U0165,C0687,28-07-2020,14:35,Game,81,116,,,No,Yes,No,2,Yes,23-05-2025
U0290,C0325,06-10-2020,23:43,Movie,62,73,,,No,No,No,3,Yes,16-02-2025
U0184,C0898,16-02-2020,15:25,Series,74,86,1,5,Yes,Yes,Yes,0,No,01-02-2025
U0130,C0168,16-01-2020,14:14,Anime,107,170,,,No,No,No,2,Yes,07-01-2025
U0208,C0608,21-10-2019,20:09,Movie,153,154,,,No,No,No,5,Yes,23-04-2025
U0119,C0407,02-09-2020,17:47,Anime,113,135,,,No,Yes,No,1,Yes,01-01-2025
U0042,C0498,22-01-2020,23:26,Anime,22,39,,,Yes,Yes,No,2,Yes,07-05-2025
U0286,C0444,23-06-2020,10:55,Series,118,220,4,4,Yes,No,Yes,4,Yes,04-01-2025
U0009,C0543,25-03-2023,22:37,Anime,131,240,,,Yes,No,No,3,Yes,17-06-2025
U0083,C0056,22-07-2020,21:36,Game,102,173,,,Yes,Yes,No,2,Yes,18-04-2025
U0259,C0529,28-12-2020,16:09,Game,61,92,,,Yes,No,No,3,Yes,19-06-2025
U0089,C0708,06-03-2022,23:05,Series,46,78,1,8,No,No,Yes,2,Yes,05-02-2025
U0096,C0659,03-11-2020,16:00,Movie,105,163,,,No,No,No,5,Yes,12-01-2025
U0098,C0045,16-02-2020,20:04,Anime,72,96,,,Yes,Yes,No,3,Yes,27-03-2025
U0009,C0025,20-06-2020,12:05,Anime,105,177,,,Yes,No,No,0,No,23-01-2025
U0294,C0641,23-08-2020,18:40,Game,128,165,,,Yes,No,No,1,Yes,20-06-2025
U0018,C0935,16-12-2020,14:47,Series,94,153,3,8,No,Yes,Yes,1,Yes,28-05-2025
U0224,C0183,08-05-2020,18:40,Game,93,132,,,No,No,No,4,Yes,30-01-2025
U0027,C0898,13-03-2020,21:31,Series,56,86,1,1,No,Yes,No,3,Yes,29-05-2025
U0190,C0165,18-04-2020,21:42,Anime,124,160,,,Yes,No,No,3,Yes,15-06-2025
U0143,C0937,11-02-2020,21:28,Anime,134,159,,,No,No,No,0,No,05-02-2025
U0269,C0818,24-02-2020,07:45,Game,67,109,,,Yes,No,No,5,Yes,01-02-2025
U0091,C0101,02-05-2022,22:30,Game,88,121,,,Yes,Yes,No,0,No,06-02-2025
U0038,C0590,09-10-2020,13:55,Game,109,119,,,No,Yes,No,2,Yes,11-03-2025
U0045,C0957,11-06-2022,14:49,Movie,53,105,,,Yes,Yes,No,0,No,05-05-2025
U0254,C0627,26-05-2020,05:41,Game,76,123,,,Yes,No,No,4,Yes,13-03-2025
U0102,C0072,03-09-2020,13:47,Movie,47,81,,,Yes,Yes,No,4,Yes,22-06-2025
U0064,C0131,03-12-2020,19:00,Movie,75,76,,,No,No,No,2,Yes,11-05-2025
U0068,C0550,10-10-2022,16:59,Movie,36,68,,,No,No,No,3,Yes,04-06-2025
U0182,C0908,12-03-2020,23:12,Anime,46,51,,,Yes,No,No,5,Yes,13-02-2025
U0209,C0407,14-11-2018,07:08,Anime,135,135,,,Yes,Yes,No,1,Yes,22-02-2025
U0150,C0116,07-10-2020,20:14,Game,66,105,,,Yes,Yes,No,0,No,11-02-2025
U0235,C0124,18-03-2020,18:16,Game,50,65,,,Yes,No,No,5,Yes,01-05-2025
U0282,C0949,01-09-2021,06:05,Anime,215,285,,,No,No,No,1,Yes,14-01-2025
U0174,C0451,22-08-2020,18:13,Game,58,114,,,No,Yes,No,4,Yes,21-01-2025
U0022,C0648,05-10-2020,22:27,Game,54,72,,,Yes,No,No,5,Yes,03-02-2025
U0096,C0170,19-03-2023,18:16,Game,105,133,,,Yes,Yes,No,5,Yes,12-06-2025
U0035,C0901,03-06-2020,23:47,Anime,177,188,,,Yes,Yes,No,3,Yes,11-02-2025
U0123,C0011,20-11-2023,20:55,Game,64,77,,,Yes,No,No,4,Yes,04-02-2025
U0196,C0092,19-09-2020,11:02,Game,138,175,,,No,Yes,No,0,No,13-02-2025
U0179,C0625,28-07-2020,19:26,Anime,148,208,,,No,No,No,5,Yes,04-02-2025
U0164,C0246,15-05-2023,23:05,Series,52,99,1,2,Yes,Yes,No,2,Yes,08-05-2025
U0106,C0515,02-06-2020,01:26,Movie,86,142,,,No,Yes,No,5,Yes,11-03-2025
U0169,C0733,22-02-2020,20:13,Series,84,110,1,6,No,Yes,Yes,1,Yes,07-05-2025
U0217,C0635,13-06-2020,12:25,Anime,80,104,,,No,Yes,No,4,Yes,01-04-2025
U0187,C0694,03-09-2020,21:50,Series,66,70,1,3,Yes,No,No,3,Yes,21-04-2025
U0204,C0192,02-03-2018,02:52,Movie,128,157,,,Yes,No,No,0,No,05-02-2025
U0111,C0679,14-03-2024,05:39,Game,98,116,,,Yes,Yes,No,0,No,02-04-2025
U0188,C0355,28-04-2020,23:33,Game,111,143,,,Yes,No,No,2,Yes,20-03-2025
U0079,C0294,03-10-2024,23:32,Movie,59,115,,,No,Yes,No,4,Yes,19-04-2025
U0238,C0044,21-08-2020,23:54,Game,98,135,,,Yes,No,No,3,Yes,28-04-2025
U0159,C0566,06-08-2020,20:25,Anime,124,180,,,Yes,Yes,No,3,Yes,27-05-2025
U0106,C0776,06-03-2022,16:40,Movie,81,83,,,Yes,Yes,No,1,Yes,01-06-2025
U0283,C0960,14-10-2020,17:26,Movie,117,136,,,Yes,Yes,No,3,Yes,15-03-2025
U0114,C0465,22-07-2018,16:09,Movie,105,111,,,Yes,Yes,No,2,Yes,02-06-2025
U0237,C0587,19-07-2020,21:37,Series,86,155,3,5,No,No,Yes,4,Yes,12-04-2025
U0063,C0952,28-11-2020,21:21,Movie,115,128,,,Yes,No,No,5,Yes,29-01-2025
U0271,C0089,01-07-2019,19:42,Game,74,121,,,No,No,No,3,Yes,09-05-2025
U0060,C0777,19-10-2020,23:03,Series,193,260,2,5,Yes,Yes,Yes,2,Yes,21-03-2025
U0138,C0011,02-11-2020,15:33,Game,43,77,,,Yes,Yes,No,2,Yes,24-04-2025
U0152,C0941,11-09-2020,20:14,Game,112,120,,,Yes,No,No,3,Yes,28-02-2025
U0085,C0014,04-12-2020,08:32,Anime,141,177,,,Yes,No,No,3,Yes,07-02-2025
U0037,C0175,17-06-2020,12:46,Anime,164,171,,,No,No,No,0,No,11-05-2025
U0014,C0324,15-04-2020,12:15,Series,151,152,1,5,No,Yes,Yes,3,Yes,30-03-2025
U0264,C0218,13-05-2019,21:46,Game,78,102,,,No,No,No,5,Yes,19-05-2025
U0194,C0774,16-08-2020,23:27,Anime,32,32,,,Yes,No,No,1,Yes,27-02-2025
U0163,C0354,11-04-2020,21:09,Game,55,64,,,No,No,No,2,Yes,21-06-2025
U0230,C0068,17-06-2023,18:03,Series,70,82,1,1,Yes,Yes,No,5,Yes,19-02-2025
U0027,C0434,23-05-2020,22:09,Series,20,39,1,8,No,No,Yes,4,Yes,15-05-2025
U0269,C0648,03-01-2024,14:12,Game,71,72,,,No,No,No,5,Yes,14-01-2025
U0205,C0938,04-02-2020,14:07,Game,70,125,,,No,Yes,No,4,Yes,17-06-2025
U0188,C0950,23-01-2020,20:44,Anime,202,228,,,Yes,No,No,4,Yes,14-06-2025
U0167,C0748,14-12-2021,19:46,Movie,81,144,,,Yes,Yes,No,4,Yes,07-05-2025
U0158,C0019,25-09-2020,12:26,Game,94,167,,,No,Yes,No,1,Yes,24-05-2025
U0005,C0544,03-10-2020,20:55,Series,83,88,1,10,Yes,Yes,Yes,4,Yes,13-06-2025
U0268,C0526,15-01-2020,22:16,Game,93,143,,,No,No,No,2,Yes,11-04-2025
U0176,C0422,24-04-2020,21:47,Anime,40,64,,,Yes,Yes,No,4,Yes,30-05-2025
U0022,C0382,18-02-2020,06:02,Series,141,159,1,1,Yes,No,No,3,Yes,27-06-2025
U0253,C0094,23-11-2020,23:22,Game,92,137,,,No,No,No,4,Yes,31-01-2025
U0246,C0048,27-07-2020,19:57,Anime,112,225,,,Yes,No,No,1,Yes,16-04-2025
U0203,C0670,20-07-2020,23:11,Game,100,139,,,Yes,Yes,No,3,Yes,13-02-2025
U0058,C0396,13-07-2024,12:10,Series,16,30,1,1,Yes,No,No,2,Yes,16-02-2025
U0159,C0586,02-07-2018,19:07,Game,64,95,,,No,Yes,No,3,Yes,07-05-2025
U0292,C0983,12-02-2022,15:40,Movie,174,175,,,No,No,No,4,Yes,06-06-2025
U0021,C0925,10-04-2020,20:28,Movie,48,78,,,Yes,Yes,No,1,Yes,24-05-2025
U0164,C0685,15-05-2020,22:09,Series,32,57,1,10,No,No,Yes,4,Yes,22-04-2025
U0084,C0227,15-05-2018,20:00,Series,69,74,1,7,Yes,Yes,Yes,1,Yes,21-01-2025
U0199,C0535,19-09-2024,21:03,Game,45,75,,,Yes,No,No,1,Yes,25-04-2025
U0121,C0200,14-12-2020,19:29,Game,68,88,,,Yes,Yes,No,0,No,16-05-2025
U0201,C0983,08-02-2020,23:13,Movie,105,175,,,No,Yes,No,1,Yes,17-01-2025
U0094,C0839,10-03-2020,17:05,Anime,55,56,,,No,Yes,No,2,Yes,17-03-2025
U0157,C0332,08-02-2020,19:29,Series,107,165,3,4,No,Yes,Yes,5,Yes,31-05-2025
U0284,C0763,11-06-2018,05:13,Game,90,157,,,Yes,No,No,2,Yes,08-01-2025
U0035,C0632,11-09-2020,17:42,Anime,27,46,,,Yes,Yes,No,0,No,06-03-2025
U0298,C0725,26-07-2020,09:04,Series,182,225,4,2,No,No,No,5,Yes,25-06-2025
U0071,C0416,18-06-2020,14:45,Anime,29,57,,,No,No,No,4,Yes,31-03-2025
U0233,C0332,26-05-2020,20:04,Series,101,165,1,8,No,Yes,Yes,5,Yes,07-03-2025
U0256,C0424,09-08-2020,08:06,Movie,83,165,,,Yes,Yes,No,2,Yes,21-05-2025
U0293,C0185,14-01-2019,07:21,Game,70,92,,,Yes,No,No,3,Yes,23-01-2025
U0030,C0192,13-08-2019,11:03,Movie,139,157,,,Yes,Yes,No,3,Yes,29-06-2025
U0196,C0748,11-07-2018,18:53,Movie,131,144,,,Yes,No,No,0,No,26-01-2025
U0217,C0723,05-05-2020,19:56,Game,46,78,,,No,Yes,No,4,Yes,10-04-2025
U0071,C0429,17-09-2020,18:59,Movie,102,123,,,No,Yes,No,0,No,05-03-2025
U0111,C0631,09-12-2020,21:31,Anime,71,138,,,Yes,Yes,No,3,Yes,16-02-2025
U0103,C0036,05-03-2020,16:39,Movie,115,172,,,Yes,Yes,No,4,Yes,07-05-2025
U0151,C0066,18-05-2023,13:09,Movie,158,174,,,Yes,Yes,No,2,Yes,24-01-2025
U0193,C0056,22-12-2021,06:09,Game,103,173,,,No,Yes,No,0,No,31-01-2025
U0085,C0210,27-05-2020,23:04,Game,52,63,,,No,No,No,0,No,28-04-2025
U0032,C0523,08-05-2020,09:13,Game,127,130,,,No,No,No,1,Yes,02-04-2025
U0074,C0183,06-06-2019,12:02,Game,90,132,,,No,No,No,3,Yes,04-02-2025
U0215,C0443,05-08-2019,22:58,Game,50,95,,,Yes,No,No,2,Yes,08-05-2025
U0146,C0645,23-06-2020,19:05,Movie,98,108,,,Yes,No,No,0,No,07-05-2025
U0229,C0950,16-07-2023,19:02,Anime,180,228,,,No,No,No,0,No,08-06-2025
U0137,C0779,27-08-2020,20:09,Series,42,45,1,3,No,No,No,2,Yes,13-01-2025
U0285,C0438,20-06-2020,12:36,Anime,185,210,,,No,Yes,No,4,Yes,18-04-2025
U0109,C0028,08-02-2024,22:18,Game,125,142,,,Yes,No,No,1,Yes,23-02-2025
U0136,C0797,21-02-2020,15:17,Movie,52,79,,,No,No,No,4,Yes,24-06-2025
U0282,C0044,03-12-2020,13:13,Game,104,135,,,Yes,No,No,5,Yes,01-05-2025
U0021,C0074,23-12-2023,20:38,Movie,121,167,,,No,No,No,4,Yes,25-01-2025
U0231,C0454,04-06-2020,14:31,Game,71,94,,,No,No,No,1,Yes,14-05-2025
U0024,C0158,17-11-2020,20:38,Anime,180,204,,,No,Yes,No,1,Yes,15-01-2025
U0110,C0272,03-06-2020,22:07,Game,110,110,,,No,No,No,2,Yes,02-01-2025
U0195,C0551,14-09-2019,14:21,Series,166,176,3,4,No,No,Yes,0,No,03-02-2025
U0258,C0480,28-10-2020,19:29,Game,72,104,,,Yes,No,No,4,Yes,31-03-2025
U0090,C0459,26-07-2020,14:31,Game,98,171,,,No,Yes,No,2,Yes,14-06-2025
U0240,C0006,08-07-2022,20:01,Game,166,171,,,Yes,Yes,No,5,Yes,09-01-2025
U0265,C0943,22-03-2020,19:19,Movie,42,78,,,No,No,No,4,Yes,02-01-2025
U0262,C0694,04-12-2022,23:38,Series,49,70,1,6,No,No,Yes,1,Yes,22-02-2025
U0190,C0505,05-06-2020,08:19,Anime,72,76,,,No,No,No,3,Yes,22-05-2025
U0101,C0937,17-09-2020,16:23,Anime,155,159,,,No,No,No,5,Yes,07-06-2025
U0130,C0045,06-01-2022,12:30,Anime,72,96,,,No,No,No,0,No,04-01-2025
U0097,C0344,14-10-2018,20:40,Anime,41,60,,,Yes,No,No,1,Yes,20-04-2025
U0182,C0460,26-05-2023,16:03,Series,123,164,1,5,Yes,Yes,Yes,3,Yes,14-06-2025
U0283,C0643,10-04-2020,13:12,Series,72,90,2,10,No,Yes,Yes,4,Yes,03-01-2025
U0190,C0693,20-04-2020,22:07,Anime,48,96,,,Yes,No,No,3,Yes,22-06-2025
U0088,C0359,12-12-2022,10:32,Series,184,235,4,4,Yes,No,Yes,2,Yes,29-04-2025
U0141,C0700,14-07-2020,13:30,Game,86,166,,,No,No,No,5,Yes,22-04-2025
U0149,C0217,10-10-2020,18:22,Game,110,114,,,Yes,No,No,5,Yes,08-03-2025
U0008,C0114,20-07-2020,23:03,Series,198,295,1,10,Yes,No,Yes,3,Yes,15-04-2025
U0245,C0009,04-07-2022,15:00,Game,86,103,,,No,No,No,0,No,23-05-2025
U0141,C0262,01-12-2022,19:09,Anime,234,275,,,No,Yes,No,2,Yes,15-02-2025
U0181,C0307,28-08-2020,12:15,Series,156,171,1,5,Yes,Yes,Yes,0,No,12-05-2025
U0016,C0047,26-02-2020,20:46,Series,49,72,1,9,No,Yes,Yes,1,Yes,08-06-2025
U0087,C0168,15-04-2020,19:54,Anime,142,170,,,Yes,No,No,1,Yes,14-04-2025
U0258,C0004,27-07-2023,00:00,Series,105,114,2,8,Yes,Yes,Yes,0,No,14-06-2025
U0146,C0045,19-02-2020,21:51,Anime,60,96,,,No,Yes,No,0,No,13-04-2025
U0118,C0975,01-01-2018,19:30,Movie,45,67,,,No,No,No,2,Yes,11-04-2025
U0243,C0726,07-06-2021,21:11,Anime,228,295,,,Yes,Yes,No,2,Yes,01-03-2025
U0116,C0172,21-02-2018,23:41,Anime,125,160,,,No,Yes,No,3,Yes,24-01-2025
U0042,C0764,16-05-2020,16:06,Series,93,141,3,10,No,No,Yes,4,Yes,13-05-2025
U0059,C0074,03-09-2020,19:58,Movie,159,167,,,No,No,No,1,Yes,14-05-2025
U0159,C0369,17-11-2021,10:57,Series,110,114,1,7,Yes,No,Yes,0,No,15-04-2025
U0199,C0640,24-04-2020,22:57,Series,213,216,1,5,No,No,Yes,4,Yes,20-04-2025
U0193,C0193,06-07-2024,23:49,Movie,113,126,,,No,Yes,No,4,Yes,21-01-2025
U0002,C0935,17-07-2020,09:37,Series,147,153,3,4,Yes,No,Yes,3,Yes,23-01-2025
U0097,C0701,22-02-2020,01:06,Series,24,35,1,10,No,Yes,Yes,4,Yes,01-04-2025
U0098,C0047,23-06-2020,22:26,Series,69,72,1,6,Yes,No,Yes,4,Yes,19-03-2025
U0055,C0664,24-05-2020,13:46,Series,132,148,1,8,Yes,No,Yes,1,Yes,09-03-2025
U0041,C0764,09-12-2020,19:13,Series,122,141,1,6,Yes,Yes,Yes,1,Yes,28-02-2025
U0155,C0445,24-04-2020,18:25,Series,33,50,1,8,No,No,Yes,3,Yes,17-01-2025
U0266,C0766,24-10-2020,09:35,Movie,41,79,,,No,No,No,2,Yes,22-02-2025
U0283,C0480,16-01-2023,12:03,Game,101,104,,,Yes,Yes,No,5,Yes,10-04-2025
U0157,C0964,03-01-2023,19:04,Movie,78,145,,,No,Yes,No,0,No,04-02-2025
U0195,C0786,16-08-2020,14:18,Anime,84,93,,,No,No,No,3,Yes,09-05-2025
U0043,C0453,08-07-2020,17:04,Movie,118,133,,,No,Yes,No,1,Yes,07-02-2025
U0252,C0022,25-02-2020,18:32,Movie,80,108,,,No,Yes,No,4,Yes,29-05-2025
U0257,C0709,22-06-2020,14:38,Anime,124,136,,,No,Yes,No,1,Yes,17-02-2025
U0249,C0892,12-03-2022,23:59,Movie,85,109,,,Yes,Yes,No,4,Yes,01-02-2025
U0143,C0938,15-01-2023,14:23,Game,104,125,,,Yes,No,No,2,Yes,08-03-2025
U0254,C0113,18-11-2020,22:46,Movie,96,163,,,Yes,No,No,0,No,30-01-2025
U0161,C0048,07-03-2020,19:26,Anime,200,225,,,Yes,No,No,5,Yes,07-05-2025
U0059,C0187,03-02-2020,11:42,Game,141,154,,,No,Yes,No,5,Yes,04-04-2025
U0144,C0902,17-03-2022,21:10,Series,19,34,1,7,No,No,Yes,4,Yes,12-06-2025
U0132,C0546,22-07-2020,10:31,Series,91,135,2,7,No,Yes,Yes,1,Yes,10-01-2025
U0154,C0477,17-11-2022,17:13,Series,40,50,1,9,Yes,Yes,Yes,4,Yes,24-02-2025
U0232,C0049,28-06-2020,23:04,Game,80,95,,,Yes,Yes,No,3,Yes,11-03-2025
U0216,C0422,06-04-2023,20:40,Anime,35,64,,,Yes,Yes,No,3,Yes,11-05-2025
U0054,C0921,25-07-2020,20:01,Series,33,54,1,1,No,Yes,No,1,Yes,19-02-2025
U0275,C0637,08-04-2020,19:21,Anime,73,110,,,No,No,No,5,Yes,08-02-2025
U0231,C0238,03-05-2020,22:56,Game,72,131,,,No,No,No,5,Yes,20-01-2025
U0133,C0114,24-04-2019,10:05,Series,202,295,1,9,Yes,No,Yes,3,Yes,08-02-2025
U0221,C0773,04-11-2020,22:06,Anime,145,162,,,No,No,No,3,Yes,15-06-2025
U0244,C0816,08-05-2019,22:26,Series,39,64,1,7,No,No,Yes,1,Yes,16-04-2025
U0179,C0263,07-04-2024,18:16,Series,167,200,1,7,No,Yes,Yes,3,Yes,22-03-2025
U0271,C0602,16-06-2020,19:55,Series,100,111,1,8,No,No,Yes,0,No,03-03-2025
U0030,C0978,18-01-2024,22:14,Series,30,30,1,3,No,No,No,2,Yes,01-06-2025
U0116,C0306,09-06-2020,17:48,Movie,66,101,,,No,No,No,2,Yes,23-03-2025
U0077,C0707,05-05-2020,19:30,Series,45,45,1,10,No,Yes,Yes,3,Yes,14-05-2025
U0120,C0684,02-08-2020,23:50,Movie,133,135,,,Yes,No,No,2,Yes,05-06-2025
U0217,C0037,28-10-2024,10:02,Movie,123,125,,,No,Yes,No,1,Yes,27-02-2025
U0186,C0668,10-01-2020,09:44,Anime,62,74,,,No,No,No,4,Yes,22-05-2025
U0229,C0364,24-09-2020,21:58,Series,59,92,2,3,No,Yes,No,1,Yes,08-04-2025
U0239,C0020,25-12-2019,17:33,Movie,85,122,,,Yes,No,No,5,Yes,30-03-2025
U0031,C0260,14-08-2020,13:11,Series,64,126,1,2,Yes,Yes,No,1,Yes,20-01-2025
U0124,C0163,20-01-2020,18:16,Anime,49,51,,,Yes,Yes,No,0,No,15-05-2025
U0181,C0232,05-12-2021,05:58,Anime,86,162,,,No,No,No,4,Yes,21-03-2025
U0277,C0744,16-11-2018,18:40,Game,103,129,,,No,No,No,1,Yes,16-05-2025
U0224,C0448,18-03-2020,21:37,Game,56,89,,,Yes,No,No,0,No,06-04-2025
U0169,C0444,16-03-2023,18:23,Series,203,220,3,6,Yes,No,Yes,3,Yes,21-03-2025
U0064,C0952,04-12-2021,20:36,Movie,76,128,,,No,No,No,1,Yes,13-03-2025
U0057,C0559,15-10-2020,23:25,Series,47,59,1,4,No,No,Yes,3,Yes,21-04-2025
U0073,C0702,16-03-2020,23:14,Series,41,55,1,1,Yes,No,No,0,No,28-04-2025
U0145,C0065,06-06-2020,18:16,Series,237,290,1,2,No,No,No,3,Yes,26-03-2025
U0081,C0775,17-09-2022,21:02,Game,105,146,,,No,No,No,0,No,08-01-2025
U0188,C0244,27-05-2020,18:23,Game,65,96,,,Yes,Yes,No,0,No,20-03-2025
U0225,C0689,03-06-2019,20:06,Game,96,108,,,No,Yes,No,5,Yes,16-06-2025
U0053,C0415,02-06-2020,10:41,Anime,46,80,,,No,Yes,No,2,Yes,15-02-2025
U0055,C0487,08-05-2024,22:59,Anime,141,260,,,Yes,Yes,No,0,No,27-04-2025
U0251,C0116,01-08-2020,14:04,Game,76,105,,,No,No,No,5,Yes,30-06-2025
U0091,C0428,05-02-2021,18:48,Game,106,154,,,No,Yes,No,0,No,11-02-2025
U0047,C0267,21-11-2020,08:10,Anime,187,224,,,Yes,Yes,No,0,No,08-05-2025
U0282,C0947,22-07-2020,21:37,Game,151,156,,,Yes,Yes,No,0,No,01-03-2025
U0132,C0638,16-03-2020,20:24,Anime,27,41,,,No,Yes,No,1,Yes,04-06-2025
U0237,C0749,04-09-2020,16:58,Series,32,62,1,4,No,Yes,Yes,4,Yes,27-01-2025
U0230,C0926,10-01-2019,17:08,Anime,31,54,,,No,Yes,No,3,Yes,11-04-2025
U0095,C0830,22-11-2020,18:41,Movie,122,135,,,No,No,No,3,Yes,03-01-2025
U0291,C0521,03-02-2021,19:19,Series,223,270,6,5,Yes,Yes,Yes,3,Yes,06-04-2025
U0191,C0198,17-01-2020,07:44,Anime,102,105,,,Yes,No,No,2,Yes,11-03-2025
U0217,C0254,19-02-2019,14:31,Game,88,95,,,Yes,No,No,4,Yes,04-04-2025
U0238,C0740,10-09-2020,09:50,Game,99,106,,,Yes,No,No,5,Yes,29-05-2025
U0191,C0137,12-02-2021,01:48,Game,77,153,,,No,Yes,No,0,No,19-01-2025
U0232,C0823,15-02-2023,22:14,Movie,88,176,,,Yes,Yes,No,2,Yes,01-03-2025
U0101,C0959,14-02-2020,16:28,Game,64,65,,,Yes,Yes,No,2,Yes,18-01-2025
U0140,C0180,01-10-2020,08:58,Anime,66,105,,,Yes,No,No,4,Yes,13-06-2025
U0016,C0996,23-03-2020,20:51,Series,141,176,1,10,Yes,No,Yes,2,Yes,26-06-2025
U0272,C0901,17-05-2021,22:21,Anime,154,188,,,Yes,Yes,No,3,Yes,28-02-2025
U0076,C0802,02-09-2020,07:45,Movie,146,158,,,Yes,Yes,No,5,Yes,03-01-2025
U0263,C0851,23-12-2020,14:15,Anime,45,51,,,Yes,Yes,No,1,Yes,05-05-2025
U0004,C0006,10-11-2020,19:52,Game,119,171,,,No,Yes,No,4,Yes,02-02-2025
U0039,C0292,09-06-2020,12:31,Game,61,122,,,Yes,Yes,No,0,No,11-04-2025
U0116,C0677,08-09-2020,17:12,Series,94,111,2,5,Yes,No,Yes,5,Yes,31-05-2025
U0010,C0664,25-07-2020,23:48,Series,90,148,1,10,Yes,No,Yes,0,No,26-05-2025
U0119,C0207,18-12-2020,15:40,Movie,42,66,,,No,No,No,5,Yes,18-06-2025
U0293,C0560,05-08-2020,13:31,Series,40,42,1,8,No,No,Yes,0,No,07-04-2025
U0031,C0726,15-06-2020,23:46,Anime,229,295,,,Yes,Yes,No,1,Yes,10-04-2025
U0211,C0165,05-10-2020,20:20,Anime,143,160,,,Yes,Yes,No,1,Yes,14-05-2025
U0224,C0178,01-07-2020,22:08,Game,63,71,,,No,No,No,0,No,17-04-2025
U0184,C0329,11-01-2024,15:41,Game,41,62,,,No,Yes,No,5,Yes,06-02-2025
U0148,C0784,26-11-2020,18:28,Movie,90,172,,,No,No,No,2,Yes,08-01-2025
U0031,C0555,15-10-2024,23:02,Anime,28,52,,,No,No,No,0,No,30-03-2025
U0073,C0331,18-10-2020,19:47,Game,40,76,,,No,Yes,No,0,No,26-01-2025
U0196,C0381,06-07-2020,18:57,Series,24,30,1,3,Yes,Yes,No,5,Yes,25-05-2025
U0281,C0738,08-10-2022,18:38,Movie,97,163,,,Yes,No,No,0,No,14-06-2025
U0219,C0372,25-03-2019,22:45,Game,116,133,,,Yes,No,No,3,Yes,11-06-2025
U0223,C0322,18-01-2024,21:52,Game,41,62,,,Yes,Yes,No,4,Yes,13-03-2025
U0136,C0284,23-09-2020,23:19,Movie,120,165,,,Yes,No,No,2,Yes,06-04-2025
U0005,C0016,17-07-2023,19:25,Series,136,235,5,9,No,Yes,Yes,5,Yes,25-06-2025
U0265,C0518,11-08-2020,17:13,Series,218,285,1,10,No,No,Yes,5,Yes,08-02-2025
U0084,C0424,02-05-2020,10:15,Movie,125,165,,,Yes,Yes,No,3,Yes,11-01-2025
U0050,C0526,28-05-2020,22:57,Game,89,143,,,No,Yes,No,1,Yes,08-01-2025
U0081,C0154,06-09-2020,18:52,Anime,25,46,,,No,No,No,4,Yes,22-02-2025
U0245,C0200,02-07-2019,22:40,Game,77,88,,,No,Yes,No,3,Yes,14-04-2025
U0013,C0888,15-04-2020,23:46,Anime,100,185,,,No,Yes,No,0,No,01-02-2025
U0044,C0044,07-07-2019,17:34,Game,83,135,,,Yes,Yes,No,1,Yes,04-06-2025
U0260,C0347,16-01-2021,21:17,Movie,35,63,,,Yes,Yes,No,2,Yes,25-05-2025
U0005,C0728,14-10-2020,21:40,Movie,124,155,,,Yes,No,No,0,No,12-05-2025
U0133,C0208,22-10-2024,07:02,Movie,76,124,,,Yes,Yes,No,4,Yes,24-05-2025
U0030,C0143,23-05-2023,11:29,Movie,127,141,,,No,No,No,2,Yes,29-01-2025
U0054,C0645,05-08-2020,23:11,Movie,85,108,,,Yes,No,No,4,Yes,15-02-2025
U0100,C0871,17-11-2020,18:30,Movie,87,114,,,Yes,Yes,No,4,Yes,18-02-2025
U0285,C0179,26-12-2020,21:28,Series,112,175,3,4,No,No,Yes,3,Yes,28-01-2025
U0292,C0525,09-10-2020,22:16,Anime,151,192,,,No,Yes,No,1,Yes,02-01-2025
U0084,C0900,17-05-2020,23:13,Anime,111,128,,,No,Yes,No,4,Yes,03-03-2025
U0034,C0670,23-03-2019,18:03,Game,93,139,,,Yes,No,No,0,No,19-03-2025
U0230,C0260,01-09-2020,20:33,Series,76,126,1,3,No,No,No,5,Yes,07-01-2025
U0252,C0529,19-11-2020,12:02,Game,69,92,,,No,No,No,4,Yes,27-05-2025
U0057,C0630,10-12-2021,18:45,Movie,99,143,,,Yes,No,No,3,Yes,31-01-2025
U0096,C0248,18-04-2020,23:23,Anime,27,48,,,Yes,No,No,4,Yes,08-03-2025
U0189,C0713,22-07-2020,19:48,Game,77,149,,,No,Yes,No,3,Yes,08-04-2025
U0005,C0151,25-10-2020,10:52,Anime,153,205,,,No,No,No,4,Yes,02-05-2025
U0064,C0402,08-10-2020,12:50,Anime,35,50,,,No,Yes,No,5,Yes,13-04-2025
U0257,C0424,18-04-2021,18:15,Movie,154,165,,,Yes,No,No,2,Yes,03-06-2025
U0067,C0610,12-10-2020,20:14,Movie,85,90,,,Yes,Yes,No,0,No,09-05-2025
U0236,C0149,17-12-2020,16:20,Movie,87,107,,,Yes,No,No,2,Yes,01-05-2025
U0096,C0529,14-05-2020,12:35,Game,53,92,,,Yes,No,No,5,Yes,25-03-2025
U0272,C0014,03-07-2020,21:25,Anime,162,177,,,No,Yes,No,3,Yes,27-04-2025
U0026,C0030,15-04-2024,21:53,Anime,98,138,,,Yes,Yes,No,2,Yes,21-06-2025
U0200,C0861,14-01-2020,23:10,Movie,139,158,,,Yes,Yes,No,2,Yes,11-06-2025
U0170,C0288,10-03-2023,20:04,Game,70,119,,,No,No,No,3,Yes,18-05-2025
U0250,C0028,21-11-2020,15:44,Game,71,142,,,Yes,Yes,No,4,Yes,30-03-2025
U0292,C0218,22-12-2020,23:49,Game,60,102,,,Yes,Yes,No,4,Yes,10-01-2025
U0098,C0261,25-11-2020,14:42,Movie,101,149,,,Yes,No,No,3,Yes,19-05-2025
U0253,C0954,06-10-2021,19:17,Series,171,176,1,2,No,No,No,1,Yes,10-06-2025
U0057,C0918,18-12-2020,18:46,Series,84,100,2,9,No,No,Yes,4,Yes,19-02-2025
U0122,C0901,10-06-2021,23:44,Anime,131,188,,,Yes,Yes,No,2,Yes,14-02-2025
U0296,C0614,16-11-2020,17:18,Movie,80,116,,,Yes,No,No,0,No,10-06-2025
U0144,C0847,18-06-2018,07:49,Movie,104,156,,,Yes,Yes,No,2,Yes,26-04-2025
U0152,C0639,14-03-2020,20:22,Movie,94,103,,,Yes,Yes,No,2,Yes,06-05-2025
U0089,C0813,09-03-2020,18:58,Series,63,106,2,2,No,Yes,No,3,Yes,07-04-2025
U0268,C0388,07-11-2024,08:44,Game,104,155,,,No,Yes,No,1,Yes,26-01-2025
U0205,C0045,19-11-2020,13:16,Anime,49,96,,,Yes,Yes,No,4,Yes,28-02-2025
U0146,C0956,09-09-2024,22:00,Anime,151,295,,,Yes,No,No,4,Yes,23-02-2025
U0242,C0540,19-08-2020,19:26,Game,105,125,,,No,Yes,No,3,Yes,20-06-2025
U0055,C0840,24-02-2020,20:41,Series,74,138,1,10,Yes,No,Yes,0,No,07-01-2025
U0086,C0083,25-08-2020,18:50,Series,89,100,2,2,Yes,Yes,No,5,Yes,02-01-2025
U0229,C0009,16-01-2022,19:30,Game,75,103,,,No,No,No,3,Yes,27-01-2025
U0144,C0134,18-07-2020,09:12,Anime,75,123,,,Yes,Yes,No,3,Yes,16-02-2025
U0068,C0273,02-09-2020,16:35,Series,43,53,1,9,No,Yes,Yes,4,Yes,06-02-2025
U0191,C0460,22-06-2020,07:26,Series,111,164,2,7,No,No,Yes,5,Yes,20-01-2025
U0164,C0704,20-01-2023,19:56,Game,72,93,,,Yes,No,No,4,Yes,20-04-2025
U0006,C0762,18-01-2020,17:04,Anime,159,225,,,Yes,Yes,No,0,No,22-02-2025
U0101,C0684,16-10-2023,16:18,Movie,68,135,,,Yes,Yes,No,2,Yes,22-06-2025
U0059,C0920,15-08-2020,23:33,Anime,153,153,,,No,No,No,4,Yes,03-05-2025
U0076,C0774,19-04-2023,18:18,Anime,28,32,,,Yes,No,No,1,Yes,07-06-2025
U0022,C0371,05-11-2021,13:17,Movie,48,77,,,Yes,Yes,No,0,No,19-04-2025
U0087,C0743,19-01-2020,18:49,Movie,95,136,,,Yes,No,No,0,No,13-02-2025
U0152,C0131,17-03-2018,17:53,Movie,49,76,,,Yes,No,No,3,Yes,22-06-2025
U0014,C0174,02-08-2020,21:05,Movie,90,149,,,Yes,No,No,1,Yes,23-05-2025
U0014,C0961,28-11-2020,22:44,Series,43,60,1,5,No,Yes,Yes,4,Yes,23-03-2025
U0020,C0605,01-10-2020,20:58,Anime,98,156,,,Yes,Yes,No,3,Yes,10-01-2025
U0084,C0751,19-08-2020,20:37,Anime,90,144,,,Yes,No,No,0,No,05-04-2025
U0176,C0841,24-10-2021,03:09,Series,120,220,4,5,No,Yes,Yes,3,Yes,29-01-2025
U0250,C0035,07-02-2023,20:50,Anime,155,216,,,Yes,No,No,0,No,18-06-2025
U0073,C0304,03-08-2020,18:31,Anime,45,55,,,No,No,No,2,Yes,11-05-2025
U0198,C0609,02-10-2024,19:54,Series,103,165,2,7,No,No,Yes,4,Yes,13-02-2025
U0175,C0822,05-07-2020,18:33,Movie,166,170,,,Yes,No,No,3,Yes,18-03-2025
U0240,C0353,21-10-2020,07:33,Movie,85,89,,,No,Yes,No,4,Yes,30-03-2025
U0206,C0559,18-06-2020,23:17,Series,54,59,1,3,Yes,No,No,0,No,14-02-2025
U0100,C0541,24-10-2019,17:29,Anime,39,49,,,Yes,Yes,No,4,Yes,11-01-2025
U0085,C0640,09-09-2020,16:14,Series,123,216,2,8,No,No,Yes,5,Yes,08-02-2025
U0185,C0147,10-05-2020,18:49,Game,139,153,,,Yes,Yes,No,4,Yes,20-01-2025
U0102,C0215,21-07-2020,23:33,Anime,257,295,,,No,No,No,5,Yes,10-03-2025
U0047,C0217,23-07-2021,18:17,Game,80,114,,,No,No,No,0,No,26-03-2025
U0237,C0418,24-05-2020,23:01,Movie,79,93,,,Yes,Yes,No,4,Yes,20-01-2025
U0022,C0001,04-11-2020,22:12,Series,91,99,2,2,No,Yes,No,3,Yes,08-03-2025
U0040,C0167,05-03-2020,12:45,Anime,136,192,,,Yes,No,No,1,Yes,17-06-2025
U0169,C0254,21-01-2018,14:59,Game,89,95,,,Yes,No,No,1,Yes,14-06-2025
U0147,C0292,26-06-2024,20:44,Game,86,122,,,Yes,No,No,5,Yes,02-04-2025
U0173,C0893,14-04-2020,05:20,Movie,117,117,,,No,Yes,No,2,Yes,29-06-2025
U0234,C0446,07-08-2020,16:10,Movie,96,96,,,Yes,No,No,2,Yes,03-02-2025
U0213,C0493,22-04-2020,22:14,Game,82,132,,,Yes,Yes,No,4,Yes,11-02-2025
U0255,C0630,26-03-2020,20:54,Movie,114,143,,,No,Yes,No,1,Yes,10-04-2025
U0286,C0023,01-09-2019,14:48,Series,88,153,2,10,Yes,Yes,Yes,5,Yes,03-05-2025
U0115,C0223,09-02-2020,17:32,Game,80,99,,,No,Yes,No,4,Yes,02-02-2025
U0262,C0940,09-04-2022,23:59,Series,235,255,3,8,No,No,Yes,1,Yes,24-01-2025
U0239,C0531,21-09-2020,23:05,Series,31,38,1,1,No,No,No,0,No,24-04-2025
U0019,C0388,18-05-2020,21:55,Game,114,155,,,No,Yes,No,3,Yes,03-05-2025
U0173,C0719,26-07-2020,20:21,Movie,51,75,,,No,No,No,0,No,28-06-2025
U0251,C0144,28-02-2023,07:23,Game,67,104,,,Yes,No,No,0,No,05-01-2025
U0237,C0092,23-07-2018,12:07,Game,103,175,,,Yes,Yes,No,3,Yes,31-03-2025
U0043,C0556,27-02-2020,23:08,Series,84,150,1,6,No,Yes,Yes,4,Yes,05-04-2025
U0272,C0850,24-12-2020,12:53,Series,217,275,3,10,Yes,Yes,Yes,1,Yes,02-04-2025
U0266,C0096,20-08-2020,17:54,Series,170,240,1,5,No,No,Yes,5,Yes,10-03-2025
U0217,C0483,01-01-2020,23:24,Series,86,129,1,10,Yes,Yes,Yes,2,Yes,19-04-2025
U0182,C0881,19-10-2020,05:14,Series,142,150,3,6,Yes,Yes,Yes,0,No,14-03-2025
U0047,C0265,24-06-2018,06:25,Game,120,156,,,Yes,No,No,2,Yes,18-01-2025
U0108,C0095,08-11-2020,22:25,Movie,130,161,,,Yes,Yes,No,1,Yes,12-06-2025
U0030,C0679,18-12-2020,23:28,Game,73,116,,,No,Yes,No,4,Yes,04-02-2025
U0253,C0933,19-09-2020,22:08,Game,84,125,,,Yes,Yes,No,3,Yes,24-06-2025
U0058,C0739,22-06-2020,19:48,Movie,61,84,,,Yes,Yes,No,0,No,15-01-2025
U0265,C0578,22-01-2020,22:37,Anime,35,48,,,No,Yes,No,5,Yes,31-05-2025
U0213,C0835,15-07-2020,20:50,Movie,115,138,,,Yes,No,No,0,No,13-02-2025
U0115,C0219,08-02-2020,18:20,Anime,28,50,,,Yes,No,No,3,Yes,29-04-2025
U0255,C0761,12-05-2020,22:22,Movie,62,90,,,Yes,No,No,3,Yes,25-03-2025
U0012,C0896,13-07-2020,20:48,Series,104,140,3,1,Yes,No,No,3,Yes,04-02-2025
U0289,C0653,06-09-2021,20:36,Anime,79,106,,,No,No,No,4,Yes,25-02-2025
U0188,C0792,24-06-2020,22:36,Anime,60,93,,,No,No,No,3,Yes,31-01-2025
U0070,C0497,01-09-2020,10:02,Game,81,139,,,Yes,No,No,2,Yes,15-03-2025
U0059,C0549,18-01-2020,20:32,Game,82,135,,,No,No,No,4,Yes,19-01-2025
U0013,C0737,26-03-2020,13:37,Game,101,150,,,No,Yes,No,0,No,04-02-2025
U0265,C0077,11-05-2020,12:10,Game,58,93,,,No,Yes,No,0,No,17-06-2025
U0090,C0138,06-05-2022,17:12,Game,109,116,,,Yes,Yes,No,3,Yes,04-03-2025
U0143,C0383,10-12-2020,17:08,Anime,177,224,,,No,Yes,No,5,Yes,01-01-2025
U0135,C0292,27-03-2020,20:56,Game,104,122,,,Yes,Yes,No,4,Yes,06-06-2025
U0063,C0259,21-08-2020,19:41,Anime,143,180,,,Yes,Yes,No,5,Yes,24-06-2025
U0118,C0762,01-09-2020,20:32,Anime,185,225,,,Yes,Yes,No,3,Yes,18-02-2025
U0240,C0889,28-12-2020,19:59,Series,128,136,1,9,Yes,Yes,Yes,0,No,24-01-2025
U0223,C0612,28-03-2023,20:44,Movie,87,147,,,Yes,Yes,No,5,Yes,18-03-2025
U0225,C0738,06-04-2020,21:58,Movie,85,163,,,No,No,No,1,Yes,09-06-2025
U0101,C0078,13-07-2020,13:42,Game,39,65,,,No,No,No,4,Yes,03-02-2025
U0081,C0702,04-05-2020,12:50,Series,45,55,1,5,No,No,Yes,3,Yes,08-02-2025
U0287,C0950,15-10-2024,20:23,Anime,226,228,,,No,No,No,2,Yes,10-02-2025
U0296,C0124,12-03-2020,23:00,Game,61,65,,,No,No,No,0,No,02-05-2025
U0229,C0318,28-12-2020,21:12,Game,60,96,,,No,Yes,No,4,Yes,07-03-2025
U0089,C0242,06-06-2020,20:40,Series,67,102,2,8,Yes,No,Yes,0,No,15-05-2025
U0006,C0389,20-09-2020,18:13,Anime,77,124,,,No,Yes,No,1,Yes,02-04-2025
U0090,C0351,11-09-2020,18:38,Movie,118,175,,,No,Yes,No,0,No,04-05-2025
U0217,C0466,01-10-2020,18:15,Series,81,148,1,5,No,No,Yes,2,Yes,15-05-2025
U0285,C0191,03-12-2021,20:46,Movie,90,172,,,Yes,No,No,0,No,24-04-2025
U0213,C0993,20-07-2024,14:47,Series,137,141,1,4,No,No,Yes,1,Yes,26-04-2025
U0210,C0285,08-03-2020,23:43,Anime,61,88,,,Yes,Yes,No,5,Yes,11-01-2025
U0089,C0530,28-10-2020,19:44,Movie,125,156,,,Yes,No,No,2,Yes,03-05-2025
U0041,C0643,01-12-2019,18:41,Series,64,90,2,9,Yes,No,Yes,4,Yes,08-01-2025
U0234,C0423,25-03-2021,19:08,Anime,191,236,,,Yes,No,No,2,Yes,02-02-2025
U0102,C0982,18-02-2020,19:22,Movie,53,103,,,Yes,Yes,No,1,Yes,11-02-2025
U0237,C0800,09-08-2020,11:08,Movie,47,64,,,No,No,No,0,No,11-01-2025
U0282,C0857,06-04-2020,23:19,Game,143,177,,,Yes,Yes,No,0,No,08-02-2025
U0048,C0162,05-12-2018,18:58,Series,56,68,1,9,No,No,Yes,3,Yes,28-04-2025
U0160,C0042,01-11-2023,20:27,Movie,105,121,,,Yes,Yes,No,5,Yes,19-04-2025
U0276,C0304,20-02-2020,20:37,Anime,42,55,,,No,Yes,No,2,Yes,20-06-2025
U0193,C0260,12-05-2020,22:09,Series,83,126,1,3,No,No,No,3,Yes,12-06-2025
U0047,C0483,13-10-2020,14:10,Series,107,129,1,7,No,No,Yes,1,Yes,09-02-2025
U0279,C0377,09-11-2020,23:08,Game,70,85,,,No,Yes,No,0,No,09-04-2025
U0090,C0808,19-11-2020,21:03,Movie,88,118,,,No,No,No,2,Yes,24-05-2025
U0282,C0091,24-05-2024,07:31,Anime,39,44,,,Yes,No,No,0,No,13-03-2025
U0059,C0680,25-03-2020,18:11,Game,39,79,,,No,Yes,No,3,Yes,14-03-2025
U0213,C0877,27-02-2020,07:11,Anime,117,224,,,Yes,Yes,No,0,No,06-01-2025
U0230,C0573,05-06-2020,13:59,Movie,58,82,,,Yes,No,No,4,Yes,02-01-2025
U0106,C0072,10-07-2018,18:35,Movie,56,81,,,No,Yes,No,5,Yes,27-03-2025
U0175,C0909,28-06-2020,18:21,Game,57,87,,,Yes,No,No,4,Yes,01-04-2025
U0261,C0674,08-02-2021,12:42,Game,38,74,,,Yes,No,No,5,Yes,25-04-2025
U0125,C0219,23-10-2020,18:50,Anime,28,50,,,No,No,No,3,Yes,27-02-2025
U0209,C0456,24-12-2020,02:09,Series,204,220,2,10,No,No,Yes,4,Yes,08-02-2025
U0253,C0368,09-03-2020,12:46,Anime,24,38,,,No,No,No,1,Yes,02-05-2025
U0272,C0830,23-06-2020,21:51,Movie,118,135,,,No,No,No,3,Yes,06-05-2025
U0112,C0561,02-01-2018,06:58,Movie,162,180,,,No,No,No,2,Yes,15-06-2025
U0271,C0233,03-10-2023,19:08,Movie,56,108,,,No,Yes,No,4,Yes,11-06-2025
U0174,C0907,02-03-2020,20:26,Movie,112,153,,,Yes,No,No,3,Yes,11-03-2025
U0277,C0612,23-09-2018,18:24,Movie,145,147,,,Yes,No,No,4,Yes,26-04-2025
U0149,C0148,05-12-2020,14:45,Movie,63,105,,,No,Yes,No,4,Yes,02-02-2025
U0201,C0010,06-02-2019,22:35,Movie,70,120,,,No,No,No,3,Yes,04-06-2025
U0150,C0020,24-03-2020,12:11,Movie,84,122,,,Yes,Yes,No,3,Yes,30-05-2025
U0217,C0705,08-06-2020,12:23,Anime,144,152,,,No,Yes,No,0,No,14-05-2025
U0188,C0902,05-12-2022,12:24,Series,33,34,1,3,Yes,No,No,5,Yes,27-05-2025
U0249,C0814,14-11-2020,18:46,Game,67,115,,,Yes,No,No,1,Yes,24-03-2025
U0063,C0017,27-06-2022,23:38,Series,41,47,1,8,Yes,No,Yes,5,Yes,11-04-2025
U0190,C0653,24-07-2024,22:25,Anime,84,106,,,Yes,Yes,No,3,Yes,06-01-2025
U0115,C0907,23-02-2020,06:12,Movie,142,153,,,Yes,No,No,5,Yes,12-06-2025
U0159,C0512,26-03-2020,20:20,Series,69,80,1,2,Yes,No,No,3,Yes,19-06-2025
U0259,C0986,24-02-2020,19:04,Anime,29,31,,,Yes,Yes,No,2,Yes,09-06-2025
U0114,C0677,14-08-2020,21:48,Series,93,111,2,10,Yes,No,Yes,2,Yes,26-03-2025
U0175,C0877,18-05-2020,23:31,Anime,136,224,,,No,No,No,1,Yes,18-04-2025
U0076,C0801,06-12-2024,20:46,Series,187,220,2,4,No,Yes,Yes,2,Yes,15-03-2025
U0138,C0453,15-09-2020,21:37,Movie,77,133,,,No,No,No,2,Yes,29-05-2025
U0268,C0647,07-01-2019,21:42,Series,23,35,1,2,Yes,No,No,4,Yes,19-06-2025
U0229,C0925,02-09-2020,21:10,Movie,49,78,,,Yes,Yes,No,2,Yes,02-04-2025
U0198,C0931,15-07-2020,19:47,Anime,89,90,,,No,Yes,No,2,Yes,01-01-2025
U0038,C0981,17-08-2020,10:06,Game,62,65,,,Yes,Yes,No,3,Yes,10-03-2025
U0036,C0703,28-05-2020,14:14,Game,69,124,,,No,No,No,5,Yes,21-02-2025
U0268,C0640,08-01-2019,19:31,Series,183,216,1,7,No,Yes,Yes,4,Yes,16-06-2025
U0208,C0722,26-04-2020,20:39,Game,87,164,,,Yes,Yes,No,1,Yes,09-02-2025
U0288,C0513,11-12-2020,13:26,Game,54,71,,,Yes,No,No,4,Yes,26-06-2025
U0006,C0271,01-10-2020,22:01,Movie,46,75,,,No,Yes,No,2,Yes,07-05-2025
U0066,C0487,18-02-2019,21:24,Anime,202,260,,,Yes,No,No,3,Yes,28-05-2025
U0011,C0503,03-11-2020,20:47,Game,125,180,,,No,Yes,No,5,Yes,24-06-2025
U0017,C0161,12-06-2021,14:41,Movie,126,144,,,No,Yes,No,4,Yes,09-02-2025
U0021,C0928,05-10-2020,20:27,Movie,75,100,,,No,No,No,1,Yes,31-05-2025
U0224,C0556,20-11-2023,06:31,Series,84,150,2,7,Yes,Yes,Yes,4,Yes,02-05-2025
U0086,C0575,18-09-2020,16:21,Movie,144,165,,,No,Yes,No,4,Yes,21-04-2025
U0283,C0275,04-03-2020,09:52,Anime,69,120,,,Yes,Yes,No,5,Yes,12-06-2025
U0081,C0028,08-11-2020,13:36,Game,76,142,,,Yes,No,No,1,Yes,06-01-2025
U0170,C0326,24-07-2019,14:40,Movie,96,111,,,No,No,No,5,Yes,14-05-2025
U0038,C0083,03-04-2020,12:27,Series,92,100,2,2,No,No,No,3,Yes,31-03-2025
U0003,C0265,28-12-2020,20:53,Game,135,156,,,Yes,No,No,0,No,22-01-2025
U0038,C0231,09-01-2020,21:03,Movie,150,157,,,No,No,No,2,Yes,24-05-2025
U0101,C0082,18-09-2020,23:29,Series,143,156,3,7,Yes,Yes,Yes,1,Yes,01-03-2025
U0275,C0184,03-08-2020,12:31,Game,50,65,,,Yes,Yes,No,2,Yes,12-05-2025
U0073,C0726,26-05-2020,20:41,Anime,259,295,,,Yes,Yes,No,0,No,24-03-2025
U0262,C0905,27-04-2020,20:30,Movie,103,123,,,No,Yes,No,1,Yes,21-01-2025
U0271,C0659,05-10-2020,20:19,Movie,119,163,,,No,No,No,1,Yes,01-02-2025
U0279,C0745,12-01-2020,23:56,Movie,108,119,,,Yes,Yes,No,2,Yes,25-03-2025
U0264,C0529,13-02-2019,12:56,Game,73,92,,,No,Yes,No,5,Yes,03-01-2025
U0246,C0409,20-06-2023,00:20,Game,62,84,,,No,Yes,No,1,Yes,20-05-2025
U0026,C0141,13-04-2020,19:03,Anime,102,128,,,Yes,No,No,3,Yes,08-01-2025
U0275,C0083,26-03-2020,07:38,Series,63,100,2,3,No,No,No,1,Yes,11-06-2025
U0273,C0935,20-08-2019,10:23,Series,77,153,1,1,Yes,No,No,4,Yes,11-04-2025
U0104,C0839,25-10-2020,16:03,Anime,33,56,,,Yes,No,No,0,No,01-06-2025
U0048,C0961,17-10-2020,00:02,Series,44,60,1,6,Yes,No,Yes,5,Yes,17-04-2025
U0211,C0043,04-03-2020,22:06,Anime,73,90,,,No,No,No,4,Yes,26-03-2025
U0014,C0874,28-06-2018,21:38,Anime,142,144,,,Yes,No,No,0,No,20-03-2025
U0237,C0164,04-07-2023,22:04,Anime,67,78,,,Yes,No,No,4,Yes,26-05-2025
U0233,C0292,23-07-2020,21:59,Game,115,122,,,No,Yes,No,3,Yes,10-05-2025
U0153,C0183,02-02-2020,23:47,Game,117,132,,,Yes,Yes,No,0,No,16-03-2025
U0276,C0441,02-01-2020,17:54,Anime,163,240,,,Yes,Yes,No,2,Yes,12-05-2025
U0085,C0554,06-02-2020,19:26,Series,40,72,1,3,No,Yes,No,0,No,18-01-2025
U0205,C0935,28-07-2020,00:58,Series,134,153,2,5,No,Yes,Yes,0,No,27-01-2025
U0244,C0035,03-04-2020,20:13,Anime,125,216,,,No,Yes,No,0,No,08-05-2025
U0105,C0591,24-02-2020,07:42,Anime,96,147,,,No,Yes,No,0,No,25-03-2025
U0109,C0362,27-08-2023,19:22,Series,104,200,1,4,Yes,No,Yes,1,Yes,07-01-2025
U0177,C0198,11-04-2018,23:42,Anime,87,105,,,No,Yes,No,1,Yes,30-04-2025
U0189,C0844,20-04-2020,17:12,Game,151,169,,,No,No,No,5,Yes,13-04-2025
U0010,C0871,28-04-2020,20:32,Movie,83,114,,,Yes,Yes,No,5,Yes,12-05-2025
U0272,C0696,16-05-2020,18:36,Series,87,120,1,8,Yes,No,Yes,4,Yes,06-04-2025
U0109,C0136,16-04-2020,19:17,Movie,72,72,,,Yes,No,No,5,Yes,29-04-2025
U0058,C0977,02-12-2021,17:09,Game,125,135,,,Yes,No,No,1,Yes,06-01-2025
U0235,C0393,28-02-2020,20:34,Series,100,132,2,5,Yes,Yes,Yes,2,Yes,18-04-2025
U0094,C0994,14-08-2018,20:10,Series,34,37,1,2,Yes,No,No,3,Yes,22-05-2025
U0204,C0100,14-09-2020,20:37,Game,59,87,,,No,Yes,No,0,No,06-02-2025
U0023,C0112,16-07-2020,14:19,Movie,108,127,,,Yes,Yes,No,0,No,21-02-2025
U0270,C0736,21-03-2020,20:10,Anime,114,147,,,Yes,No,No,0,No,07-01-2025
U0273,C0292,17-03-2023,18:03,Game,66,122,,,No,Yes,No,3,Yes,03-05-2025
U0165,C0532,21-09-2018,15:32,Movie,169,172,,,Yes,Yes,No,2,Yes,08-03-2025
U0105,C0991,05-10-2020,00:26,Game,98,158,,,No,Yes,No,1,Yes,02-06-2025
U0187,C0342,11-03-2020,21:15,Anime,62,72,,,No,No,No,3,Yes,09-04-2025
U0242,C0416,02-09-2020,23:35,Anime,45,57,,,No,Yes,No,0,No,25-04-2025
U0285,C0240,24-12-2020,20:08,Anime,172,225,,,Yes,Yes,No,1,Yes,18-02-2025
U0245,C0870,12-10-2020,05:12,Anime,161,205,,,No,No,No,5,Yes,28-06-2025
U0212,C0822,26-08-2020,19:17,Movie,92,170,,,Yes,Yes,No,0,No,16-02-2025
U0125,C0594,15-07-2020,08:00,Series,128,175,1,1,No,Yes,No,5,Yes,22-02-2025
U0212,C0109,08-04-2020,23:16,Series,37,56,1,5,Yes,No,Yes,3,Yes,28-05-2025
U0277,C0308,27-05-2020,19:02,Anime,27,51,,,No,No,No,0,No,08-02-2025
U0127,C0314,27-02-2020,17:27,Series,42,64,1,9,Yes,Yes,Yes,1,Yes,20-04-2025
U0276,C0231,07-04-2020,13:53,Movie,83,157,,,No,No,No,5,Yes,01-05-2025
U0205,C0974,25-08-2022,21:51,Movie,117,162,,,Yes,Yes,No,0,No,20-06-2025
U0097,C0470,05-06-2020,18:18,Series,67,82,1,9,No,No,Yes,5,Yes,10-05-2025
U0262,C0327,15-07-2020,08:55,Movie,122,163,,,Yes,Yes,No,1,Yes,21-03-2025
U0023,C0372,01-07-2020,21:26,Game,127,133,,,Yes,No,No,5,Yes,05-01-2025
U0244,C0507,02-07-2020,18:09,Movie,107,111,,,Yes,No,No,3,Yes,22-03-2025
U0208,C0748,12-10-2020,21:37,Movie,138,144,,,No,No,No,1,Yes,23-01-2025
U0094,C0532,17-02-2020,23:33,Movie,93,172,,,Yes,No,No,4,Yes,08-03-2025
U0115,C0119,11-03-2020,18:40,Anime,137,236,,,Yes,No,No,1,Yes,15-03-2025
U0234,C0250,24-07-2020,15:25,Game,62,103,,,No,No,No,3,Yes,19-06-2025
U0260,C0528,19-10-2020,17:27,Game,83,165,,,No,No,No,3,Yes,13-02-2025
U0238,C0660,20-05-2020,19:24,Anime,232,260,,,Yes,Yes,No,3,Yes,19-03-2025
U0293,C0513,01-11-2020,21:57,Game,53,71,,,Yes,No,No,5,Yes,29-01-2025
U0192,C0959,12-11-2021,19:03,Game,61,65,,,Yes,No,No,5,Yes,14-01-2025
U0174,C0088,02-02-2023,01:38,Series,15,31,1,1,Yes,No,No,5,Yes,26-05-2025
U0294,C0416,23-06-2022,13:31,Anime,34,57,,,No,No,No,1,Yes,12-03-2025
U0218,C0631,20-04-2020,12:00,Anime,116,138,,,Yes,No,No,2,Yes,22-02-2025
U0132,C0845,22-10-2020,20:40,Movie,48,92,,,No,No,No,4,Yes,18-04-2025
U0162,C0064,06-09-2020,21:18,Series,93,94,1,4,Yes,Yes,Yes,4,Yes,28-03-2025
U0041,C0587,20-12-2020,20:23,Series,146,155,3,1,No,No,No,3,Yes,20-01-2025
U0012,C0158,15-08-2020,22:16,Anime,202,204,,,Yes,No,No,5,Yes,16-03-2025
U0133,C0405,21-09-2020,15:53,Anime,195,195,,,Yes,No,No,3,Yes,19-02-2025
U0291,C0995,18-03-2019,19:10,Series,87,108,1,6,Yes,No,Yes,5,Yes,09-01-2025
U0210,C0049,17-03-2020,18:23,Game,67,95,,,Yes,No,No,2,Yes,23-06-2025
U0299,C0599,24-12-2022,19:02,Series,85,98,2,8,Yes,No,Yes,4,Yes,08-01-2025
U0180,C0601,02-11-2020,23:35,Game,95,159,,,No,No,No,5,Yes,08-05-2025
U0098,C0329,22-06-2020,18:24,Game,33,62,,,Yes,No,No,2,Yes,04-03-2025
U0064,C0677,26-09-2020,16:40,Series,89,111,1,4,Yes,Yes,Yes,4,Yes,03-02-2025
U0155,C0565,18-10-2024,13:36,Game,87,173,,,No,Yes,No,5,Yes,05-02-2025
U0111,C0296,07-03-2020,17:54,Game,83,159,,,No,Yes,No,2,Yes,29-06-2025
U0159,C0278,03-02-2023,18:43,Game,149,168,,,No,Yes,No,4,Yes,30-04-2025
U0002,C0225,11-01-2023,20:20,Movie,78,91,,,Yes,No,No,1,Yes,25-01-2025
U0239,C0929,24-02-2020,21:50,Series,269,270,1,8,No,Yes,Yes,4,Yes,07-02-2025
U0192,C0490,22-04-2020,18:03,Anime,24,31,,,Yes,Yes,No,0,No,31-05-2025
U0145,C0855,20-03-2020,20:31,Anime,29,57,,,No,No,No,2,Yes,24-06-2025
U0260,C0016,26-09-2020,18:00,Series,173,235,4,1,No,Yes,No,2,Yes,03-03-2025
U0181,C0725,22-07-2020,20:18,Series,152,225,4,10,Yes,No,Yes,2,Yes,10-02-2025
U0266,C0674,05-10-2020,11:06,Game,68,74,,,No,No,No,0,No,27-03-2025
U0074,C0140,09-09-2024,08:37,Movie,37,61,,,No,No,No,3,Yes,25-06-2025
U0182,C0837,13-10-2020,08:11,Movie,65,90,,,No,Yes,No,0,No,22-03-2025
U0172,C0452,15-08-2018,23:01,Series,158,159,3,6,No,Yes,Yes,0,No,14-01-2025
U0269,C0495,19-07-2020,08:19,Series,71,84,1,7,No,No,Yes,1,Yes,28-05-2025
U0117,C0022,08-06-2020,06:58,Movie,82,108,,,No,Yes,No,1,Yes,27-03-2025
U0260,C0877,11-06-2021,13:58,Anime,183,224,,,Yes,Yes,No,3,Yes,02-01-2025
U0041,C0125,23-08-2020,15:50,Movie,77,124,,,Yes,No,No,4,Yes,10-01-2025
U0214,C0156,26-06-2020,23:13,Game,43,77,,,Yes,No,No,4,Yes,20-04-2025
U0079,C0588,23-12-2019,23:38,Game,94,114,,,Yes,No,No,4,Yes,14-01-2025
U0300,C0375,08-03-2020,19:54,Anime,45,86,,,Yes,No,No,4,Yes,14-05-2025
U0198,C0997,26-05-2023,00:04,Movie,110,154,,,No,No,No,4,Yes,17-02-2025
U0225,C0216,06-01-2020,12:02,Movie,119,132,,,No,No,No,4,Yes,18-02-2025
U0227,C0349,02-12-2020,15:39,Series,16,30,1,3,No,Yes,No,5,Yes,07-02-2025
U0197,C0248,14-04-2021,20:50,Anime,25,48,,,Yes,No,No,5,Yes,28-03-2025
U0254,C0140,22-03-2020,22:46,Movie,59,61,,,No,Yes,No,0,No,24-01-2025
U0114,C0629,24-02-2024,23:36,Anime,37,56,,,No,Yes,No,5,Yes,18-01-2025
U0065,C0253,16-10-2020,22:15,Movie,135,167,,,No,Yes,No,0,No,25-01-2025
U0009,C0117,19-09-2022,20:14,Game,87,151,,,Yes,Yes,No,5,Yes,04-06-2025
U0121,C0589,24-08-2022,09:08,Movie,72,107,,,Yes,No,No,2,Yes,23-03-2025
U0214,C0584,26-07-2020,22:57,Anime,37,49,,,Yes,No,No,2,Yes,11-04-2025
U0046,C0857,28-11-2020,21:23,Game,168,177,,,Yes,Yes,No,2,Yes,03-04-2025
U0001,C0059,12-02-2020,14:20,Game,54,69,,,Yes,No,No,0,No,05-02-2025
U0213,C0932,03-05-2020,13:11,Movie,103,142,,,No,No,No,5,Yes,12-06-2025
U0251,C0650,05-10-2024,21:13,Anime,155,168,,,No,Yes,No,1,Yes,29-06-2025
U0295,C0907,03-02-2019,22:51,Movie,114,153,,,No,No,No,1,Yes,07-01-2025
U0054,C0942,12-04-2020,20:27,Movie,84,154,,,Yes,Yes,No,3,Yes,14-01-2025
U0225,C0549,04-06-2020,23:25,Game,106,135,,,Yes,No,No,2,Yes,08-04-2025
U0084,C0859,11-12-2022,20:19,Movie,62,75,,,No,Yes,No,4,Yes,22-03-2025
U0163,C0031,28-02-2020,11:24,Anime,123,235,,,No,Yes,No,1,Yes,12-01-2025
U0044,C0465,07-10-2021,19:27,Movie,99,111,,,Yes,Yes,No,4,Yes,05-01-2025
U0031,C0198,10-09-2021,22:02,Anime,78,105,,,Yes,No,No,1,Yes,28-06-2025
U0192,C0586,23-04-2022,21:55,Game,47,95,,,No,No,No,1,Yes,24-03-2025
U0047,C0828,12-05-2020,11:33,Movie,72,144,,,Yes,Yes,No,3,Yes,10-02-2025
U0027,C0625,24-10-2018,09:02,Anime,208,208,,,No,Yes,No,4,Yes,18-05-2025
U0108,C0558,01-09-2020,23:12,Movie,82,150,,,Yes,No,No,3,Yes,09-06-2025
U0173,C0732,28-10-2020,19:18,Game,75,81,,,Yes,No,No,0,No,17-05-2025
U0199,C0483,21-03-2020,21:26,Series,106,129,1,7,Yes,No,Yes,5,Yes,28-01-2025
U0080,C0964,11-08-2020,23:18,Movie,121,145,,,No,No,No,0,No,13-05-2025
U0019,C0801,09-08-2020,21:09,Series,165,220,2,6,Yes,No,Yes,1,Yes,26-02-2025
U0251,C0300,12-11-2020,18:44,Game,122,131,,,No,No,No,5,Yes,24-02-2025
U0259,C0274,26-05-2020,19:19,Game,62,67,,,Yes,No,No,1,Yes,25-06-2025
U0177,C0508,03-09-2020,23:33,Movie,90,104,,,Yes,No,No,5,Yes,24-02-2025
U0018,C0891,05-05-2020,15:49,Series,119,210,3,9,No,No,Yes,0,No,03-05-2025
U0291,C0674,16-03-2019,22:20,Game,68,74,,,Yes,No,No,4,Yes,16-06-2025
U0200,C0631,04-06-2024,05:02,Anime,69,138,,,Yes,Yes,No,0,No,01-01-2025
U0014,C0446,15-09-2023,19:02,Movie,83,96,,,Yes,No,No,5,Yes,23-03-2025
U0210,C0219,17-01-2023,18:42,Anime,31,50,,,Yes,No,No,0,No,23-01-2025
U0199,C0762,24-02-2020,07:19,Anime,146,225,,,Yes,Yes,No,5,Yes,07-03-2025
U0033,C0290,19-03-2020,21:31,Series,217,255,4,1,Yes,Yes,No,1,Yes,18-06-2025
U0267,C0687,05-08-2020,13:12,Game,89,116,,,Yes,Yes,No,5,Yes,09-06-2025
U0150,C0246,24-12-2020,02:39,Series,67,99,1,8,Yes,No,Yes,0,No,05-06-2025
U0192,C0343,04-12-2020,22:15,Movie,34,68,,,Yes,No,No,5,Yes,07-04-2025
U0113,C0003,13-10-2020,16:06,Game,124,160,,,No,Yes,No,2,Yes,10-06-2025
U0097,C0158,02-11-2018,15:38,Anime,185,204,,,Yes,Yes,No,3,Yes,05-06-2025
U0161,C0963,20-11-2021,16:57,Series,198,270,4,3,No,Yes,No,1,Yes,17-06-2025
U0005,C0005,14-02-2020,18:20,Game,103,130,,,Yes,No,No,3,Yes,26-01-2025
U0249,C0871,24-10-2020,13:01,Movie,70,114,,,No,No,No,5,Yes,08-04-2025
U0243,C0006,09-08-2020,18:03,Game,123,171,,,No,Yes,No,4,Yes,25-03-2025
U0017,C0557,10-10-2020,17:23,Anime,161,180,,,Yes,No,No,4,Yes,10-04-2025
U0125,C0023,20-07-2020,13:28,Series,118,153,1,4,Yes,Yes,Yes,1,Yes,31-05-2025
U0209,C0204,23-10-2018,21:55,Movie,58,91,,,No,Yes,No,0,No,04-06-2025
U0195,C0419,25-10-2020,08:23,Movie,97,163,,,No,No,No,2,Yes,20-01-2025
U0075,C0413,11-02-2022,23:03,Game,78,98,,,No,No,No,2,Yes,01-01-2025
U0006,C0104,18-06-2022,17:39,Series,128,204,3,1,Yes,Yes,No,5,Yes,15-01-2025
U0027,C0290,14-09-2020,23:04,Series,235,255,3,10,Yes,Yes,Yes,2,Yes,26-05-2025
U0142,C0905,17-09-2020,09:25,Movie,113,123,,,No,No,No,1,Yes,18-06-2025
U0122,C0410,04-02-2020,18:47,Movie,69,137,,,No,Yes,No,3,Yes,24-04-2025
U0266,C0015,18-08-2020,10:34,Movie,153,168,,,Yes,Yes,No,4,Yes,28-04-2025
U0223,C0392,10-08-2020,23:02,Game,82,157,,,No,No,No,4,Yes,26-04-2025
U0030,C0121,16-11-2020,14:42,Series,20,39,1,3,Yes,Yes,No,5,Yes,02-03-2025
U0269,C0736,21-06-2020,20:25,Anime,122,147,,,No,Yes,No,1,Yes,28-03-2025
U0079,C0139,08-12-2020,19:40,Series,68,117,1,8,Yes,Yes,Yes,1,Yes,24-05-2025
U0126,C0614,22-03-2020,06:55,Movie,76,116,,,No,No,No,2,Yes,20-02-2025
U0073,C0579,11-11-2021,01:11,Anime,144,174,,,Yes,No,No,3,Yes,11-05-2025
U0209,C0534,08-02-2020,17:06,Anime,63,86,,,Yes,No,No,1,Yes,11-05-2025
U0138,C0480,19-10-2020,18:42,Game,75,104,,,No,Yes,No,0,No,07-01-2025
U0093,C0030,04-11-2024,23:48,Anime,105,138,,,No,No,No,2,Yes,03-06-2025
U0129,C0193,12-09-2020,18:44,Movie,74,126,,,No,No,No,4,Yes,19-01-2025
U0125,C0668,16-01-2020,13:12,Anime,48,74,,,No,Yes,No,3,Yes,09-06-2025
U0298,C0463,22-08-2020,18:56,Movie,57,96,,,Yes,No,No,2,Yes,16-05-2025
U0270,C0656,07-06-2020,15:35,Game,119,161,,,Yes,No,No,2,Yes,24-05-2025
U0126,C0256,05-06-2020,14:11,Movie,149,164,,,Yes,Yes,No,2,Yes,25-05-2025
U0161,C0469,20-03-2020,18:31,Anime,168,171,,,Yes,Yes,No,3,Yes,18-04-2025
U0001,C0270,18-01-2020,12:11,Series,15,31,1,7,No,Yes,Yes,4,Yes,10-01-2025
U0210,C0790,23-01-2020,20:03,Game,125,169,,,Yes,No,No,1,Yes,27-04-2025
U0196,C0086,17-05-2020,18:45,Anime,99,132,,,No,Yes,No,4,Yes,20-03-2025
U0255,C0429,16-10-2020,13:05,Movie,117,123,,,No,No,No,4,Yes,21-06-2025
U0251,C0719,27-03-2019,18:38,Movie,59,75,,,Yes,No,No,3,Yes,21-04-2025
U0116,C0742,09-11-2020,18:21,Movie,72,134,,,Yes,No,No,2,Yes,10-04-2025
U0148,C0630,19-06-2020,18:17,Movie,129,143,,,Yes,Yes,No,3,Yes,08-01-2025
U0102,C0177,21-01-2019,23:01,Anime,144,153,,,Yes,Yes,No,3,Yes,18-04-2025
U0155,C0433,08-08-2020,21:57,Game,75,110,,,No,No,No,0,No,23-04-2025
U0266,C0395,21-04-2020,23:13,Anime,143,148,,,No,No,No,1,Yes,31-01-2025
U0284,C0417,26-11-2020,23:15,Series,24,32,1,1,Yes,Yes,No,3,Yes,26-04-2025
U0272,C0729,07-09-2020,08:10,Series,110,180,3,3,Yes,No,No,2,Yes,25-01-2025
U0141,C0407,05-12-2020,14:46,Anime,133,135,,,No,Yes,No,5,Yes,12-02-2025
U0185,C0983,12-12-2020,18:06,Movie,140,175,,,No,No,No,0,No,27-03-2025
U0057,C0175,07-04-2019,19:18,Anime,157,171,,,No,No,No,3,Yes,22-02-2025
U0190,C0565,05-01-2024,23:18,Game,123,173,,,Yes,No,No,3,Yes,13-06-2025
U0236,C0778,18-03-2024,20:59,Series,104,112,2,9,No,Yes,Yes,0,No,20-01-2025
U0172,C0031,01-11-2020,18:38,Anime,215,235,,,Yes,Yes,No,3,Yes,01-06-2025
U0044,C0428,03-11-2019,16:45,Game,144,154,,,No,Yes,No,0,No,05-04-2025
U0199,C0288,17-05-2019,23:34,Game,107,119,,,Yes,No,No,3,Yes,08-04-2025
U0085,C0149,22-04-2020,02:33,Movie,66,107,,,No,No,No,4,Yes,19-03-2025
U0010,C0546,23-06-2020,02:27,Series,112,135,3,8,No,No,Yes,0,No,14-06-2025
U0119,C0565,23-09-2020,18:14,Game,140,173,,,Yes,No,No,3,Yes,12-01-2025
U0092,C0680,23-08-2020,22:54,Game,39,79,,,Yes,No,No,4,Yes,28-06-2025
U0140,C0603,22-05-2021,06:09,Game,53,104,,,Yes,Yes,No,1,Yes,11-06-2025
U0223,C0573,09-10-2023,10:07,Movie,52,82,,,Yes,Yes,No,1,Yes,06-03-2025
U0291,C0144,17-06-2020,20:00,Game,96,104,,,Yes,No,No,1,Yes,16-03-2025
U0221,C0260,05-06-2020,19:58,Series,105,126,1,10,No,No,Yes,2,Yes,31-03-2025
U0291,C0585,21-06-2020,23:08,Series,98,175,2,3,Yes,Yes,No,5,Yes,24-04-2025
U0085,C0228,27-09-2020,19:48,Anime,119,140,,,Yes,Yes,No,5,Yes,09-01-2025
U0284,C0172,02-11-2020,22:40,Anime,107,160,,,Yes,Yes,No,4,Yes,05-06-2025
U0033,C0070,26-12-2020,19:13,Movie,93,102,,,Yes,No,No,0,No,19-04-2025
U0103,C0092,04-04-2019,16:25,Game,123,175,,,Yes,No,No,2,Yes,21-01-2025
U0008,C0711,11-04-2020,01:43,Anime,118,160,,,Yes,No,No,4,Yes,23-04-2025
U0024,C0930,02-04-2020,23:31,Series,44,49,1,4,Yes,Yes,Yes,2,Yes,04-06-2025
U0073,C0124,17-09-2020,22:16,Game,33,65,,,No,Yes,No,3,Yes,11-06-2025
U0253,C0893,05-03-2022,21:09,Movie,105,117,,,No,Yes,No,2,Yes,30-05-2025
U0186,C0885,27-06-2020,20:58,Game,78,128,,,No,No,No,5,Yes,17-03-2025
U0084,C0872,23-04-2023,23:20,Anime,144,285,,,Yes,Yes,No,2,Yes,28-03-2025
U0250,C0111,08-06-2023,13:59,Series,110,159,2,2,Yes,Yes,No,1,Yes,14-06-2025
U0069,C0258,19-07-2020,10:35,Series,117,135,2,6,Yes,Yes,Yes,5,Yes,13-03-2025
U0167,C0984,06-06-2022,23:43,Game,116,171,,,Yes,Yes,No,0,No,08-05-2025
U0125,C0449,17-04-2020,02:59,Game,60,67,,,Yes,Yes,No,2,Yes,13-05-2025
U0288,C0580,17-09-2020,05:09,Anime,71,124,,,No,Yes,No,0,No,20-05-2025
U0160,C0572,05-11-2020,22:50,Anime,119,150,,,Yes,No,No,1,Yes,06-05-2025
U0268,C0129,24-10-2020,21:29,Series,110,220,4,9,No,Yes,Yes,0,No,30-06-2025
U0299,C0822,22-12-2020,20:29,Movie,92,170,,,No,No,No,1,Yes,07-04-2025
U0031,C0818,16-06-2020,22:29,Game,70,109,,,No,No,No,2,Yes,20-01-2025
U0264,C0979,24-06-2019,06:17,Anime,100,128,,,No,No,No,1,Yes,05-02-2025
U0222,C0671,01-10-2020,02:57,Series,46,46,1,3,No,No,No,3,Yes,26-06-2025
U0242,C0576,14-04-2020,08:06,Game,91,136,,,No,Yes,No,1,Yes,12-01-2025
U0167,C0662,19-10-2020,10:52,Game,64,108,,,Yes,Yes,No,0,No,26-01-2025
U0123,C0046,20-07-2020,23:05,Anime,285,300,,,No,Yes,No,3,Yes,22-01-2025
U0113,C1000,14-11-2020,22:01,Game,143,144,,,Yes,No,No,2,Yes,08-06-2025
U0277,C0784,02-01-2018,16:14,Movie,100,172,,,Yes,Yes,No,4,Yes,02-03-2025
U0020,C0907,26-05-2024,15:29,Movie,103,153,,,No,No,No,5,Yes,04-05-2025
U0251,C0975,24-02-2019,13:03,Movie,62,67,,,Yes,No,No,2,Yes,21-01-2025
U0034,C0376,18-05-2020,22:07,Game,77,123,,,No,Yes,No,1,Yes,15-06-2025
U0029,C0218,26-10-2020,16:36,Game,69,102,,,No,No,No,4,Yes,21-01-2025
U0278,C0824,01-01-2020,19:33,Series,75,102,2,10,Yes,Yes,Yes,3,Yes,04-01-2025
U0056,C0266,26-04-2018,21:44,Movie,110,177,,,No,No,No,2,Yes,05-02-2025
U0263,C0853,12-02-2020,19:06,Series,208,240,3,2,Yes,No,No,3,Yes,23-05-2025
U0249,C0873,26-08-2020,21:19,Series,37,45,1,8,No,Yes,Yes,5,Yes,07-04-2025
U0144,C0226,12-11-2018,18:11,Anime,67,129,,,Yes,No,No,1,Yes,02-01-2025
U0235,C0635,19-12-2020,21:21,Anime,95,104,,,No,Yes,No,3,Yes,25-03-2025
U0063,C0201,10-11-2023,15:20,Anime,146,224,,,No,Yes,No,2,Yes,12-03-2025
U0121,C0273,08-11-2020,14:02,Series,35,53,1,8,No,No,Yes,1,Yes,29-01-2025
U0289,C0494,01-07-2020,19:24,Series,131,164,1,1,Yes,No,No,3,Yes,06-04-2025
U0150,C0698,26-11-2020,19:55,Series,107,120,1,3,Yes,Yes,No,0,No,02-02-2025
U0216,C0304,09-12-2020,13:19,Anime,45,55,,,Yes,Yes,No,0,No,06-06-2025
U0206,C0695,16-11-2020,02:00,Game,88,100,,,No,Yes,No,1,Yes,16-03-2025
U0024,C0848,11-12-2020,09:40,Series,118,120,2,3,No,Yes,No,3,Yes,09-03-2025
U0189,C0171,08-11-2020,20:00,Movie,136,144,,,Yes,Yes,No,1,Yes,11-05-2025
U0207,C0932,03-05-2018,18:12,Movie,111,142,,,Yes,No,No,2,Yes,08-02-2025
U0041,C0133,24-03-2024,20:46,Movie,92,141,,,Yes,No,No,2,Yes,25-06-2025
U0040,C0325,21-09-2020,16:51,Movie,37,73,,,No,No,No,5,Yes,13-06-2025
U0225,C0989,09-04-2020,19:45,Movie,125,156,,,No,No,No,4,Yes,13-06-2025
U0031,C0074,02-11-2022,03:13,Movie,92,167,,,No,Yes,No,3,Yes,29-06-2025
U0101,C0739,02-02-2020,23:51,Movie,64,84,,,No,No,No,3,Yes,20-03-2025
U0012,C0718,03-03-2020,19:58,Series,83,116,1,9,No,Yes,Yes,0,No,20-05-2025
U0115,C0832,01-06-2020,13:54,Game,98,143,,,No,Yes,No,3,Yes,22-06-2025
U0204,C0759,19-09-2020,22:51,Movie,70,103,,,Yes,No,No,0,No,23-04-2025
U0129,C0304,02-07-2020,08:18,Anime,28,55,,,No,No,No,4,Yes,15-06-2025
U0095,C0134,21-01-2020,06:51,Anime,113,123,,,No,No,No,1,Yes,17-04-2025
U0206,C0438,22-12-2020,23:55,Anime,160,210,,,No,Yes,No,0,No,05-03-2025
U0233,C0335,09-10-2019,20:23,Game,90,99,,,No,Yes,No,0,No,23-01-2025
U0076,C0782,24-01-2020,14:56,Series,83,94,2,6,Yes,No,Yes,3,Yes,11-01-2025
U0011,C0300,28-03-2021,23:55,Game,77,131,,,Yes,Yes,No,1,Yes,07-01-2025
U0147,C0775,05-05-2020,23:21,Game,130,146,,,Yes,No,No,4,Yes,06-01-2025
U0292,C0457,24-04-2021,22:44,Game,74,110,,,Yes,No,No,2,Yes,13-04-2025
U0253,C0611,23-07-2020,23:16,Game,156,173,,,No,Yes,No,5,Yes,02-02-2025
U0193,C0137,23-06-2020,13:23,Game,98,153,,,No,Yes,No,1,Yes,30-05-2025
U0097,C0778,27-06-2024,07:44,Series,104,112,1,7,Yes,Yes,Yes,0,No,17-01-2025
U0215,C0664,09-12-2020,11:29,Series,75,148,2,8,No,No,Yes,5,Yes,15-06-2025
U0259,C0989,10-10-2020,18:10,Movie,106,156,,,Yes,Yes,No,2,Yes,26-06-2025
U0114,C0075,21-06-2020,01:40,Series,31,36,1,8,Yes,No,Yes,2,Yes,29-04-2025
U0121,C0349,05-02-2020,10:29,Series,23,30,1,5,Yes,No,Yes,1,Yes,26-01-2025
U0150,C0045,10-12-2018,18:14,Anime,82,96,,,No,No,No,0,No,09-04-2025
U0299,C0980,17-07-2020,22:28,Movie,129,133,,,Yes,No,No,1,Yes,31-03-2025
U0192,C0234,04-08-2020,20:38,Anime,35,60,,,No,No,No,0,No,22-02-2025
U0253,C0310,15-05-2022,10:43,Series,105,120,1,7,Yes,No,Yes,1,Yes,03-02-2025
U0052,C0132,02-04-2020,18:45,Movie,141,147,,,No,No,No,3,Yes,24-03-2025
U0211,C0538,11-09-2020,17:30,Anime,138,235,,,No,Yes,No,1,Yes,20-03-2025
U0001,C0735,01-11-2023,22:48,Series,27,35,1,6,No,No,Yes,3,Yes,27-05-2025
U0070,C0868,21-08-2020,16:29,Anime,170,300,,,Yes,Yes,No,0,No,02-01-2025
U0243,C0026,09-08-2019,20:48,Game,60,67,,,Yes,Yes,No,1,Yes,07-05-2025
U0126,C0639,28-05-2020,07:43,Movie,68,103,,,Yes,Yes,No,3,Yes,10-06-2025
U0240,C0852,27-08-2019,16:13,Series,152,168,2,7,No,No,Yes,5,Yes,01-01-2025
U0163,C0034,08-07-2019,17:39,Anime,113,180,,,No,Yes,No,3,Yes,12-04-2025
U0037,C0563,19-04-2020,11:26,Series,63,66,1,8,Yes,Yes,Yes,5,Yes,26-01-2025
U0210,C0742,15-04-2020,21:29,Movie,133,134,,,No,Yes,No,5,Yes,13-06-2025
U0275,C0807,26-02-2020,01:12,Anime,87,94,,,No,No,No,5,Yes,29-06-2025
U0062,C0829,28-05-2020,07:46,Movie,68,111,,,Yes,No,No,5,Yes,20-02-2025
U0078,C0835,12-06-2020,20:51,Movie,112,138,,,Yes,No,No,5,Yes,13-02-2025
U0289,C0387,23-11-2020,16:08,Game,139,152,,,Yes,No,No,2,Yes,08-05-2025
U0140,C0551,21-01-2019,23:20,Series,99,176,1,3,No,Yes,No,0,No,02-05-2025
U0279,C0868,04-04-2020,15:47,Anime,168,300,,,No,No,No,3,Yes,04-03-2025
U0132,C0516,26-08-2020,23:57,Movie,102,154,,,No,Yes,No,5,Yes,28-06-2025
U0021,C0543,23-09-2021,14:30,Anime,203,240,,,Yes,Yes,No,3,Yes,03-01-2025
U0172,C0184,05-09-2024,18:52,Game,64,65,,,No,No,No,2,Yes,06-01-2025
U0178,C0225,28-08-2020,06:07,Movie,50,91,,,Yes,Yes,No,3,Yes,28-05-2025
U0107,C0333,03-02-2024,12:55,Movie,84,157,,,Yes,Yes,No,1,Yes,05-04-2025
U0174,C0387,24-06-2020,19:55,Game,85,152,,,No,No,No,4,Yes,09-06-2025
U0048,C0101,24-12-2019,06:15,Game,100,121,,,Yes,Yes,No,5,Yes,09-01-2025
U0126,C0390,20-03-2020,23:31,Anime,36,60,,,No,No,No,0,No,28-04-2025
U0243,C0297,25-07-2020,14:35,Anime,159,204,,,No,Yes,No,2,Yes,28-05-2025
U0105,C0038,28-07-2020,16:35,Movie,91,169,,,No,No,No,0,No,14-01-2025
U0003,C0977,17-08-2020,19:15,Game,111,135,,,Yes,Yes,No,3,Yes,05-03-2025
U0100,C0742,18-09-2020,22:28,Movie,118,134,,,No,No,No,1,Yes,18-06-2025
U0111,C0071,23-12-2020,12:25,Anime,74,93,,,Yes,No,No,0,No,28-04-2025
U0187,C0999,19-03-2020,18:10,Movie,67,112,,,No,Yes,No,5,Yes,26-01-2025
U0201,C0079,14-08-2020,12:37,Series,28,53,1,2,Yes,No,No,5,Yes,10-02-2025
U0027,C0033,20-11-2020,23:19,Series,69,114,1,5,No,Yes,Yes,3,Yes,16-02-2025
U0070,C0243,25-05-2022,17:11,Movie,83,139,,,Yes,No,No,4,Yes,30-01-2025
U0140,C0701,25-05-2020,12:54,Series,27,35,1,9,No,Yes,Yes,0,No,18-05-2025
U0248,C0567,13-05-2020,21:45,Game,132,162,,,No,No,No,2,Yes,26-01-2025
U0107,C0474,26-08-2020,20:25,Anime,191,200,,,No,No,No,4,Yes,30-06-2025
U0096,C0887,28-02-2020,21:50,Movie,68,95,,,Yes,Yes,No,1,Yes,16-05-2025
U0082,C0640,11-07-2020,19:41,Series,109,216,2,3,Yes,No,No,3,Yes,14-02-2025
U0038,C0081,28-10-2020,19:20,Game,133,151,,,Yes,Yes,No,0,No,27-02-2025
U0235,C0927,07-11-2020,16:07,Movie,101,140,,,No,Yes,No,3,Yes,02-03-2025
U0207,C0340,21-07-2019,20:31,Movie,72,129,,,No,Yes,No,5,Yes,28-02-2025
U0049,C0263,10-06-2020,21:08,Series,156,200,3,5,No,No,Yes,4,Yes,16-04-2025
U0196,C0153,28-11-2020,12:40,Game,93,118,,,Yes,No,No,2,Yes,01-02-2025
U0192,C0051,19-10-2020,20:22,Series,121,236,2,6,No,No,Yes,1,Yes,18-05-2025
U0114,C0576,22-12-2022,12:09,Game,81,136,,,Yes,No,No,4,Yes,20-04-2025
U0151,C0172,10-07-2018,18:32,Anime,122,160,,,Yes,No,No,2,Yes,14-06-2025
U0086,C0423,24-04-2018,18:14,Anime,185,236,,,Yes,Yes,No,2,Yes,27-03-2025
U0191,C0752,28-11-2020,19:43,Series,41,76,1,5,No,Yes,Yes,2,Yes,03-05-2025
U0112,C0963,09-02-2020,21:36,Series,202,270,1,9,Yes,No,Yes,0,No,30-03-2025
U0186,C0676,16-06-2019,15:53,Series,114,190,3,10,No,No,Yes,0,No,16-06-2025
U0290,C0529,20-04-2023,08:29,Game,84,92,,,Yes,Yes,No,2,Yes,07-04-2025
U0082,C0585,15-09-2020,10:30,Series,164,175,1,1,No,Yes,No,5,Yes,01-05-2025
U0146,C0333,13-07-2020,15:11,Movie,115,157,,,No,No,No,1,Yes,30-06-2025
U0122,C0932,23-03-2020,21:30,Movie,116,142,,,Yes,Yes,No,4,Yes,15-04-2025
U0204,C0604,12-03-2020,08:39,Series,150,180,3,2,No,Yes,No,4,Yes,11-05-2025
U0068,C0929,22-01-2022,20:47,Series,259,270,6,3,Yes,Yes,No,0,No,25-06-2025
U0248,C0562,24-02-2023,07:45,Game,102,145,,,No,No,No,1,Yes,28-06-2025
U0013,C0450,25-08-2022,16:12,Movie,94,105,,,No,Yes,No,3,Yes,15-05-2025
U0176,C0474,07-06-2020,16:47,Anime,135,200,,,Yes,Yes,No,2,Yes,29-01-2025
U0162,C0533,01-05-2020,18:42,Game,70,102,,,No,No,No,1,Yes,25-06-2025
U0299,C0007,20-02-2020,19:14,Series,103,165,2,10,No,No,Yes,5,Yes,04-03-2025
U0131,C0450,04-01-2024,18:32,Movie,59,105,,,No,Yes,No,0,No,15-06-2025
U0049,C0786,11-04-2020,17:33,Anime,55,93,,,Yes,No,No,3,Yes,13-01-2025
U0042,C0861,27-08-2020,18:46,Movie,99,158,,,No,Yes,No,0,No,01-01-2025
U0144,C0786,01-12-2020,11:14,Anime,57,93,,,No,No,No,5,Yes,26-01-2025
U0225,C0746,18-03-2020,19:25,Anime,81,144,,,No,Yes,No,4,Yes,30-01-2025
U0199,C0372,23-08-2020,23:00,Game,96,133,,,No,Yes,No,4,Yes,20-02-2025
U0062,C0440,04-12-2020,21:39,Anime,201,285,,,No,No,No,0,No,22-03-2025
U0080,C0988,05-01-2020,18:12,Series,43,48,1,10,No,No,Yes,3,Yes,05-01-2025
U0267,C0500,22-01-2020,19:58,Game,137,146,,,No,Yes,No,3,Yes,07-06-2025
U0245,C0094,15-07-2018,10:17,Game,77,137,,,No,Yes,No,0,No,03-05-2025
U0152,C0490,17-09-2020,07:17,Anime,20,31,,,Yes,No,No,2,Yes,03-05-2025
U0073,C0182,15-10-2020,21:56,Movie,160,178,,,Yes,No,No,1,Yes,02-04-2025
U0114,C0164,10-10-2020,06:39,Anime,58,78,,,Yes,No,No,5,Yes,29-01-2025
U0162,C0936,20-09-2020,22:09,Movie,103,110,,,Yes,No,No,4,Yes,03-02-2025
U0186,C0079,15-07-2023,14:21,Series,45,53,1,8,No,No,Yes,4,Yes,30-03-2025
U0217,C0280,15-12-2019,13:16,Movie,88,111,,,Yes,No,No,5,Yes,06-02-2025
U0143,C0221,19-05-2019,22:25,Anime,160,235,,,No,Yes,No,4,Yes,08-05-2025
U0272,C0284,07-03-2020,16:02,Movie,97,165,,,No,No,No,4,Yes,13-04-2025
U0079,C0441,06-01-2021,17:46,Anime,224,240,,,Yes,No,No,2,Yes,03-03-2025
U0249,C0121,15-09-2020,16:42,Series,32,39,1,3,Yes,No,No,3,Yes,21-06-2025
U0285,C0571,08-02-2020,18:25,Movie,112,124,,,Yes,Yes,No,2,Yes,21-06-2025
U0227,C0272,14-01-2020,23:45,Game,87,110,,,Yes,Yes,No,1,Yes,19-02-2025
U0027,C0320,11-12-2020,20:25,Movie,56,98,,,No,No,No,5,Yes,04-03-2025
U0039,C0297,18-03-2019,20:56,Anime,173,204,,,No,Yes,No,1,Yes,15-03-2025
U0112,C0881,07-04-2020,21:24,Series,83,150,2,5,No,No,Yes,1,Yes,10-05-2025
U0193,C0481,09-08-2022,15:18,Movie,118,144,,,Yes,No,No,1,Yes,23-03-2025
U0207,C0539,16-07-2020,21:45,Anime,202,220,,,No,No,No,2,Yes,05-05-2025
U0237,C0315,04-02-2020,19:36,Anime,77,120,,,No,Yes,No,0,No,03-02-2025
U0257,C0225,06-10-2020,03:09,Movie,82,91,,,Yes,No,No,5,Yes,08-01-2025
U0285,C0889,10-07-2021,20:44,Series,126,136,3,3,No,No,No,4,Yes,01-02-2025
U0049,C0277,02-10-2020,19:19,Anime,47,51,,,Yes,No,No,4,Yes,15-04-2025
U0058,C0312,03-06-2020,23:12,Movie,87,134,,,Yes,Yes,No,0,No,10-01-2025
U0056,C0325,03-01-2020,14:05,Movie,61,73,,,No,No,No,3,Yes,10-04-2025
U0221,C0827,14-05-2018,13:34,Game,128,143,,,Yes,Yes,No,4,Yes,22-04-2025
U0293,C0732,16-02-2020,22:52,Game,74,81,,,Yes,Yes,No,1,Yes,17-05-2025
U0233,C0826,13-10-2021,18:28,Game,75,104,,,Yes,No,No,0,No,23-01-2025
U0083,C0710,24-03-2020,11:16,Movie,49,61,,,Yes,Yes,No,1,Yes,27-05-2025
U0272,C0852,11-08-2020,14:50,Series,130,168,1,6,No,Yes,Yes,4,Yes,25-05-2025
U0002,C0088,13-06-2020,14:47,Series,15,31,1,2,No,Yes,No,3,Yes,04-05-2025
U0135,C0508,12-05-2020,17:24,Movie,78,104,,,Yes,No,No,4,Yes,13-02-2025
U0253,C0076,02-06-2020,22:49,Anime,81,105,,,No,Yes,No,5,Yes,28-01-2025
U0294,C0424,20-10-2020,18:05,Movie,85,165,,,No,Yes,No,0,No,13-06-2025
U0080,C0766,26-12-2020,19:43,Movie,77,79,,,Yes,Yes,No,0,No,05-06-2025
U0110,C0860,16-12-2024,21:49,Game,119,121,,,No,No,No,0,No,01-02-2025
U0030,C0096,01-01-2020,19:08,Series,238,240,2,1,No,Yes,No,1,Yes,16-01-2025
U0120,C0019,14-12-2024,02:04,Game,101,167,,,Yes,Yes,No,5,Yes,25-05-2025
U0165,C0934,28-12-2020,06:26,Movie,69,74,,,Yes,Yes,No,4,Yes,12-02-2025
U0002,C0719,06-04-2020,12:34,Movie,66,75,,,Yes,No,No,2,Yes,31-01-2025
U0005,C0948,05-02-2020,15:58,Movie,122,128,,,Yes,Yes,No,2,Yes,06-02-2025
U0266,C0076,12-02-2020,06:37,Anime,74,105,,,No,Yes,No,5,Yes,09-05-2025
U0158,C0075,12-03-2020,19:55,Series,36,36,1,1,No,Yes,No,3,Yes,26-04-2025
U0208,C0364,13-01-2024,18:48,Series,53,92,2,1,Yes,No,No,4,Yes,05-05-2025
U0122,C0904,07-02-2020,20:46,Movie,141,150,,,Yes,No,No,4,Yes,16-05-2025
U0245,C0678,02-01-2020,15:55,Game,112,124,,,Yes,Yes,No,2,Yes,12-04-2025
U0270,C0543,07-12-2020,19:34,Anime,205,240,,,Yes,Yes,No,4,Yes,06-03-2025
U0181,C0650,14-08-2020,18:15,Anime,100,168,,,Yes,No,No,5,Yes,25-01-2025
U0143,C0351,16-01-2020,20:09,Movie,155,175,,,Yes,Yes,No,1,Yes,06-02-2025
U0268,C0067,13-03-2020,18:05,Series,136,205,3,4,No,No,Yes,5,Yes,27-01-2025
U0084,C0049,24-01-2020,16:02,Game,77,95,,,No,Yes,No,4,Yes,05-03-2025
U0149,C0508,17-03-2020,01:45,Movie,60,104,,,Yes,No,No,4,Yes,25-05-2025
U0015,C0957,25-06-2023,19:51,Movie,69,105,,,Yes,Yes,No,4,Yes,16-04-2025
U0001,C0529,22-08-2020,20:39,Game,52,92,,,Yes,Yes,No,4,Yes,07-05-2025
U0110,C0593,11-11-2020,16:11,Anime,101,111,,,Yes,No,No,5,Yes,17-04-2025
U0092,C0151,26-10-2018,23:19,Anime,121,205,,,Yes,No,No,2,Yes,19-02-2025
U0071,C0081,28-10-2020,17:33,Game,96,151,,,Yes,No,No,1,Yes,18-03-2025
U0183,C0211,08-02-2020,12:13,Movie,32,60,,,No,No,No,2,Yes,06-06-2025
U0113,C0117,22-03-2020,13:05,Game,150,151,,,No,No,No,4,Yes,08-05-2025
U0215,C0860,26-09-2020,14:03,Game,78,121,,,Yes,Yes,No,4,Yes,28-06-2025
U0210,C0401,17-05-2021,14:09,Anime,113,120,,,Yes,Yes,No,1,Yes,12-04-2025
U0091,C0543,19-01-2019,21:08,Anime,152,240,,,No,No,No,0,No,04-03-2025
U0066,C0042,08-06-2020,20:34,Movie,81,121,,,No,Yes,No,5,Yes,22-06-2025
U0274,C0225,28-03-2023,18:22,Movie,87,91,,,Yes,No,No,4,Yes,03-02-2025
U0175,C0793,17-02-2020,20:16,Anime,167,188,,,Yes,No,No,4,Yes,13-01-2025
U0278,C0328,11-09-2021,16:02,Movie,105,167,,,No,Yes,No,1,Yes,13-03-2025
U0177,C0719,20-09-2020,22:58,Movie,49,75,,,No,Yes,No,4,Yes,26-02-2025
U0197,C0020,05-12-2019,18:53,Movie,82,122,,,Yes,No,No,1,Yes,03-04-2025
U0172,C0357,22-04-2020,13:56,Anime,123,147,,,No,No,No,5,Yes,10-01-2025
U0171,C0842,17-10-2020,16:39,Series,69,120,2,6,No,Yes,Yes,2,Yes,30-03-2025
U0056,C0745,05-07-2020,22:12,Movie,112,119,,,Yes,No,No,0,No,10-05-2025
U0286,C0679,16-06-2020,23:24,Game,91,116,,,Yes,Yes,No,0,No,06-03-2025
U0023,C0683,13-06-2021,23:54,Movie,115,142,,,No,Yes,No,4,Yes,01-06-2025
U0223,C0130,14-04-2022,18:52,Movie,66,126,,,No,No,No,0,No,19-06-2025
U0187,C0352,05-12-2018,20:40,Game,75,91,,,Yes,Yes,No,5,Yes,05-06-2025
U0102,C0533,23-12-2024,16:11,Game,72,102,,,Yes,No,No,3,Yes,06-01-2025
U0113,C0579,03-12-2020,22:29,Anime,173,174,,,Yes,Yes,No,2,Yes,15-06-2025
